ngay,pm25,diem_suong,nhiet_do,ap_suat,gio_max
2010-01-01,,-18.8,-6.8,1017.1,43.8
2010-01-02,146.0,-8.5,-5.1,1024.8,55.4
2010-01-03,78.8,-10.1,-8.5,1022.8,127.8
2010-01-04,31.3,-20.9,-11.5,1029.3,198.4
2010-01-05,42.5,-24.6,-14.5,1033.6,218.6
2010-01-06,56.4,-23.7,-12.5,1033.8,59.0
2010-01-07,69.0,-21.2,-12.5,1034.1,28.2
2010-01-08,176.2,-17.1,-11.7,1028.0,6.7
2010-01-09,88.5,-16.3,-9.1,1029.0,38.9
2010-01-10,57.2,-16.0,-8.8,1032.5,52.3
2010-01-11,20.0,-20.7,-8.7,1034.3,93.4
2010-01-12,20.8,-23.5,-12.4,1030.7,160.0
2010-01-13,40.2,-22.0,-10.0,1030.5,299.1
2010-01-14,93.7,-17.6,-9.5,1025.2,33.1
2010-01-15,45.5,-17.2,-7.0,1036.8,45.6
2010-01-16,177.6,-13.5,-8.4,1033.0,9.8
2010-01-17,209.2,-12.1,-7.2,1028.8,17.9
2010-01-18,260.2,-9.7,-4.9,1026.8,17.0
2010-01-19,340.8,-3.8,0.3,1020.7,13.9
2010-01-20,85.3,-11.0,-1.2,1030.2,78.2
2010-01-21,27.0,-21.2,-6.1,1036.4,160.9
2010-01-22,29.4,-18.8,-4.6,1034.4,168.1
2010-01-23,23.2,-17.7,-1.9,1028.0,172.1
2010-01-24,,-17.2,-3.4,1021.4,129.2
2010-01-25,,-21.9,-3.0,1032.5,257.5
2010-01-26,195.6,-15.4,-5.7,1024.7,8.5
2010-01-27,122.3,-11.7,1.1,1016.2,72.0
2010-01-28,21.2,-19.1,-1.2,1026.2,105.0
2010-01-29,23.9,-21.6,0.6,1022.8,105.9
2010-01-30,44.3,-18.7,2.0,1019.5,114.9
2010-01-31,39.2,-15.8,1.3,1024.2,145.7
2010-02-01,64.8,-10.1,-2.9,1026.8,41.1
2010-02-02,65.6,-16.3,-5.4,1028.3,42.9
2010-02-03,77.5,-20.0,-5.2,1028.5,63.0
2010-02-04,58.5,-20.5,-5.0,1026.8,15.6
2010-02-05,78.5,-14.3,-4.1,1029.8,13.4
2010-02-06,76.1,-10.5,-5.0,1030.5,45.2
2010-02-07,109.2,-6.5,-4.3,1022.7,48.7
2010-02-08,178.1,-5.2,-1.5,1019.2,15.2
2010-02-09,157.2,-9.8,0.0,1023.8,12.1
2010-02-10,12.4,-22.3,-1.6,1031.0,83.1
2010-02-11,14.3,-22.1,-3.7,1035.7,95.6
2010-02-12,23.1,-21.5,-5.2,1034.9,22.8
2010-02-13,78.1,-17.8,-4.6,1028.8,24.2
2010-02-14,103.4,-20.0,-4.2,1032.5,23.7
2010-02-15,30.0,-22.3,-5.5,1035.1,18.8
2010-02-16,93.6,-17.0,-5.4,1030.2,21.0
2010-02-17,67.3,-19.1,-2.3,1026.2,139.0
2010-02-18,79.7,-19.0,-2.0,1023.7,14.8
2010-02-19,113.0,-15.6,0.1,1016.6,10.3
2010-02-20,178.5,-10.3,0.9,1012.7,14.8
2010-02-21,125.8,-9.7,4.2,1013.3,51.9
2010-02-22,94.5,-7.8,0.1,1018.6,51.4
2010-02-23,166.5,-6.5,0.1,1007.3,4.5
2010-02-24,277.7,-2.5,4.4,1004.2,37.1
2010-02-25,169.6,-1.3,3.9,1015.6,63.5
2010-02-26,69.9,-6.8,1.8,1020.9,81.4
2010-02-27,76.4,-6.4,-1.2,1019.5,55.0
2010-02-28,83.6,-7.1,-0.1,1022.4,42.0
2010-03-01,57.9,-5.0,-2.5,1022.8,80.5
2010-03-02,90.1,-8.5,1.6,1021.2,82.3
2010-03-03,157.9,-6.2,1.7,1022.9,24.6
2010-03-04,186.1,-3.5,2.4,1015.5,22.4
2010-03-05,31.3,-20.3,0.5,1027.0,131.0
2010-03-06,50.0,-17.3,-2.0,1033.7,82.7
2010-03-07,87.2,-10.2,-2.5,1035.2,39.4
2010-03-08,48.3,-6.9,-3.3,1039.5,40.2
2010-03-09,18.0,-18.0,-3.4,1035.4,179.2
2010-03-10,59.6,-13.7,0.8,1021.4,35.8
2010-03-11,171.6,-7.8,2.2,1009.4,16.5
2010-03-12,49.2,-14.3,5.5,1017.4,88.5
2010-03-13,62.1,-9.8,2.9,1026.4,60.8
2010-03-14,83.9,-3.5,0.2,1020.9,30.0
2010-03-15,64.5,-9.8,1.6,1023.2,135.9
2010-03-16,64.2,-10.8,0.5,1023.2,14.8
2010-03-17,40.8,-12.8,3.0,1026.3,58.6
2010-03-18,157.7,-3.3,0.6,1020.0,19.7
2010-03-19,228.4,1.8,4.4,1003.5,10.3
2010-03-20,168.2,-6.9,7.0,1008.4,182.0
2010-03-21,68.9,-8.0,7.5,1013.8,185.1
2010-03-22,163.0,-8.0,8.6,1014.0,110.4
2010-03-23,52.1,-7.8,7.6,1021.0,79.6
2010-03-24,62.8,-6.5,6.8,1022.3,89.8
2010-03-25,30.4,-11.0,4.4,1026.0,51.8
2010-03-26,67.7,-10.8,6.5,1019.0,39.8
2010-03-27,72.3,-8.5,5.9,1025.2,39.3
2010-03-28,71.8,-7.2,6.5,1026.5,35.3
2010-03-29,213.7,-0.2,7.5,1023.5,43.4
2010-03-30,256.9,6.5,8.5,1017.1,29.1
2010-03-31,122.2,1.7,11.1,1014.4,53.6
2010-04-01,28.0,-16.7,8.7,1020.1,213.2
2010-04-02,30.8,-15.2,6.5,1020.4,110.4
2010-04-03,101.2,-7.4,7.9,1016.9,62.1
2010-04-04,123.5,-4.8,13.8,1009.6,28.6
2010-04-05,135.1,1.7,10.9,1014.0,39.8
2010-04-06,20.4,-12.3,10.5,1025.3,62.1
2010-04-07,92.9,-5.9,11.9,1020.0,89.0
2010-04-08,106.0,0.9,14.6,1008.2,170.3
2010-04-09,85.9,2.2,11.2,1011.5,50.1
2010-04-10,36.2,-8.4,10.6,1017.6,55.9
2010-04-11,68.8,0.2,6.2,1017.0,104.1
2010-04-12,47.8,-6.2,7.1,1018.0,156.5
2010-04-13,20.1,-16.7,6.4,1026.8,288.3
2010-04-14,56.8,-9.8,7.2,1026.3,39.3
2010-04-15,171.1,0.7,6.1,1020.6,98.8
2010-04-16,211.0,2.8,8.6,1018.2,52.3
2010-04-17,147.6,3.4,8.6,1021.4,110.0
2010-04-18,232.6,6.5,13.5,1012.9,12.5
2010-04-19,211.1,8.0,14.2,1014.2,36.6
2010-04-20,82.8,4.0,13.9,1019.1,38.4
2010-04-21,39.6,2.2,12.0,1022.2,51.0
2010-04-22,39.4,5.3,9.5,1021.0,42.9
2010-04-23,33.2,-4.0,13.2,1020.3,31.3
2010-04-24,86.5,1.3,16.8,1016.3,81.4
2010-04-25,87.5,6.5,13.8,1014.6,159.1
2010-04-26,13.4,-5.5,8.9,1013.5,61.2
2010-04-27,24.7,-10.7,8.7,1009.3,211.4
2010-04-28,16.4,-9.6,10.5,1012.6,431.8
2010-04-29,18.7,-6.8,14.0,1013.2,435.0
2010-04-30,27.6,-5.7,18.4,1013.8,266.0
2010-05-01,69.4,-0.1,20.8,1006.1,62.6
2010-05-02,78.0,0.4,23.9,1002.2,73.3
2010-05-03,109.9,3.2,19.7,1007.5,18.3
2010-05-04,137.3,11.6,19.7,1002.5,44.7
2010-05-05,125.5,9.7,18.8,998.2,134.1
2010-05-06,19.0,0.2,20.6,1006.0,153.8
2010-05-07,96.4,2.4,21.7,1003.3,89.4
2010-05-08,128.3,6.5,19.5,1006.8,90.3
2010-05-09,79.9,0.7,17.3,1007.1,100.2
2010-05-10,47.5,-0.5,16.8,1006.0,146.2
2010-05-11,16.0,2.0,18.0,1014.7,186.4
2010-05-12,43.7,6.0,17.4,1017.9,41.1
2010-05-13,67.3,6.1,18.7,1017.5,42.9
2010-05-14,136.1,9.3,18.0,1015.0,41.6
2010-05-15,181.8,12.2,21.5,1012.6,25.9
2010-05-16,110.0,12.4,18.7,1014.0,98.8
2010-05-17,67.5,13.3,16.5,1009.7,103.7
2010-05-18,51.6,10.2,17.5,1002.0,59.9
2010-05-19,33.9,3.8,24.1,999.8,62.1
2010-05-20,64.1,4.9,25.4,1004.7,46.9
2010-05-21,108.2,10.9,23.4,1007.1,57.2
2010-05-22,151.3,11.5,22.4,1005.7,29.0
2010-05-23,125.2,10.0,24.2,1000.5,27.7
2010-05-24,45.8,7.3,23.4,1003.2,72.9
2010-05-25,33.2,4.0,24.9,1010.4,19.7
2010-05-26,81.9,11.0,25.2,1012.8,64.4
2010-05-27,84.8,14.5,20.8,1015.0,14.3
2010-05-28,130.9,16.2,19.1,1009.7,15.2
2010-05-29,143.5,13.0,22.8,1004.9,30.0
2010-05-30,39.5,11.1,23.2,1007.2,29.0
2010-05-31,84.4,13.3,21.8,1014.7,17.9
2010-06-01,110.4,14.4,20.9,1015.2,16.1
2010-06-02,121.0,14.8,20.2,1016.0,9.8
2010-06-03,115.5,13.0,21.8,1017.3,24.1
2010-06-04,80.0,11.8,22.7,1015.3,34.4
2010-06-05,,12.3,23.7,1012.0,37.1
2010-06-06,,12.6,24.8,1011.1,41.6
2010-06-07,131.6,15.2,25.3,1012.5,51.0
2010-06-08,160.8,12.7,25.8,1013.8,57.2
2010-06-09,48.0,12.1,25.5,1013.8,32.2
2010-06-10,49.9,14.6,21.1,1013.3,29.1
2010-06-11,86.8,15.5,21.4,1011.5,25.5
2010-06-12,110.2,16.3,24.5,1007.7,17.4
2010-06-13,116.0,17.7,23.4,1005.2,53.6
2010-06-14,83.7,18.1,24.0,1003.7,31.7
2010-06-15,146.4,18.8,26.7,1001.0,34.9
2010-06-16,93.9,18.7,25.3,1000.4,23.7
2010-06-17,36.7,17.5,19.7,1002.1,16.1
2010-06-18,67.1,17.0,21.8,1003.4,18.8
2010-06-19,94.5,18.1,24.4,1004.3,23.2
2010-06-20,81.1,16.0,27.9,1006.9,36.2
2010-06-21,74.2,15.4,25.7,1003.7,43.4
2010-06-22,128.3,17.0,26.8,1004.8,59.4
2010-06-23,58.4,11.0,26.0,1009.5,31.3
2010-06-24,76.8,13.0,26.1,1008.0,22.8
2010-06-25,163.4,15.7,25.9,1008.0,29.1
2010-06-26,173.4,16.6,26.2,1006.5,28.6
2010-06-27,118.0,15.6,25.8,1004.0,37.6
2010-06-28,153.4,19.0,26.4,1001.8,38.4
2010-06-29,188.5,19.5,27.2,1002.9,45.6
2010-06-30,177.5,20.0,26.2,1002.7,21.0
2010-07-01,126.2,21.2,23.9,1000.4,15.2
2010-07-02,27.5,16.9,28.6,999.6,35.8
2010-07-03,69.0,19.1,30.5,999.8,30.8
2010-07-04,91.8,19.1,31.0,999.6,34.9
2010-07-05,48.1,12.3,32.4,999.6,41.6
2010-07-06,25.6,9.7,32.9,1000.2,49.6
2010-07-07,56.9,16.1,27.3,1004.2,58.6
2010-07-08,45.6,14.6,29.9,1005.6,25.0
2010-07-09,86.2,18.2,25.5,1006.2,40.2
2010-07-10,80.9,19.8,21.7,1005.5,29.5
2010-07-11,163.9,20.4,22.9,1004.5,51.9
2010-07-12,121.0,20.4,22.9,1006.3,7.2
2010-07-13,106.2,20.9,24.5,1009.4,29.1
2010-07-14,129.3,21.7,25.2,1009.8,13.9
2010-07-15,195.9,21.8,24.1,1006.3,13.0
2010-07-16,202.8,22.6,26.8,1004.3,25.5
2010-07-17,113.7,22.2,27.9,1005.9,29.5
2010-07-18,156.0,22.6,28.2,1005.7,41.6
2010-07-19,167.8,22.2,25.2,1006.3,73.3
2010-07-20,43.2,19.8,26.0,1003.5,33.5
2010-07-21,70.8,21.6,27.0,1006.2,38.0
2010-07-22,163.5,23.5,28.2,1007.9,29.1
2010-07-23,173.5,23.5,29.8,1008.1,44.3
2010-07-24,94.1,23.0,30.2,1010.1,54.1
2010-07-25,164.2,23.3,30.0,1009.7,52.3
2010-07-26,210.9,24.3,29.2,1008.1,44.7
2010-07-27,183.8,23.8,30.5,1004.4,57.2
2010-07-28,176.8,24.0,30.6,999.5,89.4
2010-07-29,197.6,26.2,30.2,996.2,52.8
2010-07-30,214.9,25.2,27.9,998.8,25.0
2010-07-31,125.6,22.6,28.8,1000.1,57.2
2010-08-01,41.5,18.2,27.0,1008.3,33.5
2010-08-02,68.8,16.2,26.2,1008.1,37.1
2010-08-03,146.2,19.0,25.7,1002.5,32.6
2010-08-04,120.1,21.4,24.5,1003.0,47.8
2010-08-05,22.4,13.2,26.9,1008.0,128.3
2010-08-06,19.9,13.0,24.4,1015.2,159.6
2010-08-07,79.9,18.0,24.5,1010.9,47.8
2010-08-08,92.8,20.0,25.4,1004.1,28.6
2010-08-09,238.2,22.4,27.3,1003.9,21.0
2010-08-10,148.2,18.8,27.5,1006.2,31.8
2010-08-11,116.2,22.0,25.2,1005.0,57.2
2010-08-12,92.3,21.3,26.8,1001.2,20.6
2010-08-13,130.2,24.6,27.4,1000.9,19.2
2010-08-14,,13.4,29.4,999.4,90.8
2010-08-15,,11.2,28.7,1004.3,57.2
2010-08-16,75.1,16.1,27.9,1006.8,38.9
2010-08-17,141.9,18.5,27.6,1007.8,67.5
2010-08-18,233.8,22.5,25.5,1010.2,95.2
2010-08-19,110.2,21.3,24.6,1011.8,27.7
2010-08-20,119.2,22.2,26.5,1013.9,30.4
2010-08-21,38.7,19.4,21.4,1012.0,37.6
2010-08-22,22.0,16.3,23.0,1013.2,28.2
2010-08-23,79.4,18.7,23.7,1013.7,19.7
2010-08-24,132.4,19.4,24.3,1013.6,51.4
2010-08-25,87.6,17.6,23.0,1014.5,11.2
2010-08-26,63.9,17.0,25.0,1014.2,29.5
2010-08-27,39.4,15.2,24.8,1012.6,46.0
2010-08-28,47.7,16.5,24.8,1010.2,30.8
2010-08-29,114.8,19.0,25.7,1007.5,32.2
2010-08-30,109.4,19.8,25.5,1007.8,22.4
2010-08-31,88.8,19.5,23.8,1010.1,18.8
2010-09-01,70.4,19.0,23.2,1013.4,38.9
2010-09-02,96.2,18.8,24.3,1014.8,14.3
2010-09-03,110.9,19.1,23.0,1013.6,26.8
2010-09-04,93.6,16.9,23.2,1012.4,16.6
2010-09-05,118.8,19.2,24.1,1010.9,24.1
2010-09-06,154.0,20.0,24.9,1010.1,8.9
2010-09-07,134.6,18.2,24.2,1013.5,18.8
2010-09-08,96.5,14.1,22.0,1014.8,19.2
2010-09-09,159.8,15.7,21.8,1011.5,36.7
2010-09-10,99.8,12.0,23.4,1008.0,55.0
2010-09-11,90.1,12.5,24.1,1009.2,25.9
2010-09-12,121.2,14.7,24.7,1010.5,21.0
2010-09-13,156.6,16.5,25.3,1011.6,23.7
2010-09-14,195.8,16.7,24.9,1013.0,19.7
2010-09-15,306.7,19.3,25.0,1011.2,54.1
2010-09-16,195.5,19.9,23.4,1010.4,124.7
2010-09-17,45.0,14.8,16.1,1012.5,144.4
2010-09-18,23.3,12.7,15.1,1014.7,14.8
2010-09-19,71.5,14.0,19.2,1012.9,17.0
2010-09-20,92.8,15.1,17.7,1012.3,25.9
2010-09-21,12.8,11.2,14.8,1020.7,67.5
2010-09-22,,3.6,15.2,1023.0,20.1
2010-09-23,,7.8,16.6,1018.6,31.3
2010-09-24,,10.0,17.3,1017.2,33.1
2010-09-25,,11.4,16.3,1015.8,40.7
2010-09-26,,6.6,18.0,1017.1,21.0
2010-09-27,45.0,1.1,17.0,1016.5,118.9
2010-09-28,,-0.2,13.4,1024.9,132.8
2010-09-29,,6.1,12.8,1021.1,17.0
2010-09-30,211.7,10.2,15.5,1018.3,11.6
2010-10-01,223.5,13.8,17.7,1017.6,6.3
2010-10-02,35.0,11.4,17.4,1013.5,118.0
2010-10-03,10.0,2.4,17.8,1016.0,278.5
2010-10-04,24.5,6.9,15.5,1017.7,15.2
2010-10-05,77.1,10.4,16.6,1014.3,13.9
2010-10-06,268.8,13.3,17.0,1013.5,14.8
2010-10-07,377.1,13.4,16.7,1015.6,12.1
2010-10-08,368.3,12.9,16.1,1014.9,13.0
2010-10-09,357.2,12.7,15.3,1010.8,5.4
2010-10-10,388.0,14.0,15.2,1011.1,12.1
2010-10-11,10.4,6.9,14.7,1017.7,50.5
2010-10-12,52.5,5.9,12.3,1022.1,16.1
2010-10-13,116.2,8.6,14.0,1016.8,19.2
2010-10-14,16.0,0.0,15.2,1019.5,104.2
2010-10-15,39.3,-0.0,15.0,1015.8,147.5
2010-10-16,76.2,5.2,12.0,1018.2,59.0
2010-10-17,45.7,-2.9,8.6,1028.3,106.4
2010-10-18,67.8,3.4,7.2,1027.0,26.4
2010-10-19,71.7,6.8,8.7,1026.8,6.3
2010-10-20,82.2,6.7,9.1,1027.2,8.0
2010-10-21,124.4,8.3,10.5,1022.5,7.2
2010-10-22,168.9,9.5,11.7,1020.4,4.9
2010-10-23,216.6,11.4,13.1,1018.6,8.5
2010-10-24,101.5,6.5,9.4,1023.3,70.2
2010-10-25,11.1,-8.4,8.2,1031.3,182.0
2010-10-26,13.0,-11.0,3.5,1039.1,21.5
2010-10-27,86.9,-3.0,3.5,1030.6,13.0
2010-10-28,77.3,-0.7,8.4,1028.0,21.4
2010-10-29,52.1,-0.5,10.5,1027.3,32.6
2010-10-30,50.7,-0.2,10.3,1026.8,27.7
2010-10-31,72.7,0.2,9.9,1024.3,39.4
2010-11-01,67.6,-4.5,8.6,1028.2,32.2
2010-11-02,,-6.8,6.6,1028.3,26.4
2010-11-03,109.3,-0.9,7.2,1022.4,12.1
2010-11-04,65.8,-0.8,9.8,1021.7,30.4
2010-11-05,101.5,1.2,10.0,1019.8,17.9
2010-11-06,271.1,4.2,8.6,1016.0,7.2
2010-11-07,69.4,-2.0,10.1,1017.6,144.8
2010-11-08,12.9,-9.1,7.7,1024.5,181.9
2010-11-09,59.3,-5.6,2.2,1021.0,4.9
2010-11-10,130.5,-2.7,3.5,1016.9,14.3
2010-11-11,75.8,-2.3,6.1,1011.1,130.9
2010-11-12,66.0,-7.6,1.1,1017.9,160.5
2010-11-13,17.0,-12.8,3.1,1027.6,171.7
2010-11-14,22.0,-8.0,0.0,1035.0,214.6
2010-11-15,52.9,-6.7,-0.3,1031.0,257.6
2010-11-16,139.0,-4.0,-1.0,1023.0,300.6
2010-11-17,320.2,-3.0,1.7,1022.6,306.8
2010-11-18,384.5,0.0,3.5,1019.5,14.8
2010-11-19,370.3,0.1,4.9,1014.2,21.5
2010-11-20,296.6,-0.7,5.2,1010.9,23.2
2010-11-21,136.7,-8.0,5.5,1014.4,158.7
2010-11-22,69.8,-10.2,1.9,1021.1,17.4
2010-11-23,230.9,-7.0,2.2,1019.9,9.0
2010-11-24,71.8,-12.7,2.7,1024.3,112.2
2010-11-25,66.6,-11.7,-0.7,1025.7,16.1
2010-11-26,116.7,-10.4,-0.9,1017.1,13.9
2010-11-27,27.7,-19.8,1.4,1022.9,166.3
2010-11-28,171.4,-12.2,-1.6,1021.7,5.4
2010-11-29,190.4,-4.4,-0.5,1019.4,11.6
2010-11-30,224.2,-1.9,-0.5,1018.3,15.6
2010-12-01,257.6,-1.0,0.7,1013.3,12.1
2010-12-02,83.5,-12.6,2.4,1019.1,173.9
2010-12-03,74.8,-12.6,-1.9,1022.1,8.0
2010-12-04,167.3,-9.3,-0.3,1012.0,22.8
2010-12-05,78.5,-9.4,4.3,1020.3,95.2
2010-12-06,17.9,-17.8,1.8,1031.1,264.6
2010-12-07,57.0,-16.0,2.6,1017.0,40.7
2010-12-08,39.4,-11.9,2.7,1015.3,23.7
2010-12-09,194.0,-8.0,0.2,1010.7,8.5
2010-12-10,104.4,-12.5,0.8,1009.7,179.7
2010-12-11,45.8,-15.7,-2.7,1020.8,186.0
2010-12-12,115.5,-10.3,-2.0,1017.8,33.5
2010-12-13,20.8,-21.2,-4.7,1029.7,118.9
2010-12-14,17.3,-22.9,-7.5,1034.3,124.3
2010-12-15,22.4,-25.0,-7.9,1032.8,269.6
2010-12-16,54.2,-21.0,-2.5,1017.3,43.8
2010-12-17,108.3,-16.7,-0.5,1013.0,26.8
2010-12-18,271.8,-12.2,-3.0,1012.5,6.7
2010-12-19,153.1,-13.1,4.5,1016.0,87.2
2010-12-20,200.3,-11.7,1.1,1016.9,18.8
2010-12-21,434.8,-7.5,-1.0,1012.6,6.2
2010-12-22,145.1,-13.7,1.0,1018.6,73.8
2010-12-23,23.2,-23.2,-6.1,1035.1,114.4
2010-12-24,43.5,-25.0,-9.7,1037.3,29.5
2010-12-25,55.6,-22.3,-7.8,1027.2,32.6
2010-12-26,50.6,-17.7,-3.7,1015.9,73.8
2010-12-27,79.7,-16.6,-2.8,1011.0,107.7
2010-12-28,28.2,-19.7,-3.8,1018.6,208.3
2010-12-29,36.6,-17.0,-4.4,1021.0,126.1
2010-12-30,17.6,-22.7,-7.0,1025.4,354.1
2010-12-31,18.7,-21.9,-6.8,1029.4,565.5
2011-01-01,,-19.1,-6.7,1034.8,585.6
2011-01-02,36.7,-17.0,-5.0,1035.3,75.1
2011-01-03,162.3,-14.5,-6.0,1030.9,3.6
2011-01-04,91.3,-15.4,-5.0,1027.2,66.6
2011-01-05,20.2,-20.0,-5.0,1031.7,274.9
2011-01-06,15.9,-19.2,-5.0,1038.1,429.6
2011-01-07,46.7,-17.8,-4.7,1030.9,445.7
2011-01-08,79.8,-17.2,-3.9,1028.1,173.0
2011-01-09,,-22.4,-5.6,1036.8,362.1
2011-01-10,80.1,-20.8,-4.5,1028.1,403.2
2011-01-11,27.0,-20.6,-4.0,1023.0,106.8
2011-01-12,62.8,-20.2,-6.4,1024.0,16.1
2011-01-13,126.4,-18.8,-4.5,1022.3,31.7
2011-01-14,17.6,-21.0,-4.5,1033.4,174.3
2011-01-15,16.1,-25.2,-8.0,1039.6,338.8
2011-01-16,36.1,-21.8,-8.1,1036.5,9.4
2011-01-17,37.9,-20.8,-7.0,1035.1,131.0
2011-01-18,20.2,-22.2,-7.9,1033.7,98.8
2011-01-19,20.8,-22.2,-6.8,1032.5,119.8
2011-01-20,38.8,-21.5,-6.9,1030.9,15.2
2011-01-21,71.7,-20.1,-5.0,1028.2,25.0
2011-01-22,56.3,-18.2,-5.6,1028.3,81.4
2011-01-23,14.5,-21.2,-5.6,1032.2,255.7
2011-01-24,44.3,-20.0,-6.8,1032.7,271.8
2011-01-25,34.3,-20.8,-6.0,1034.4,99.2
2011-01-26,67.5,-19.6,-7.2,1038.9,26.0
2011-01-27,31.9,-20.2,-5.8,1041.7,38.4
2011-01-28,18.2,-21.0,-5.5,1037.7,86.7
2011-01-29,11.9,-23.2,-6.6,1036.0,128.3
2011-01-30,21.2,-20.9,-2.5,1033.8,208.3
2011-01-31,28.7,-19.1,0.2,1028.1,77.8
2011-02-01,35.1,-19.6,1.4,1022.5,105.0
2011-02-02,53.3,-18.6,0.0,1020.9,103.7
2011-02-03,100.9,-17.5,-0.9,1021.4,133.2
2011-02-04,131.1,-13.5,0.0,1021.5,30.0
2011-02-05,113.2,-9.8,-3.2,1018.7,25.9
2011-02-06,54.0,-10.7,2.5,1020.0,13.0
2011-02-07,141.6,-9.8,-0.3,1015.2,21.9
2011-02-08,98.5,-11.9,-0.6,1015.8,31.3
2011-02-09,126.9,-7.9,-2.1,1026.2,44.2
2011-02-10,65.0,-4.8,-3.7,1027.5,88.1
2011-02-11,62.2,-12.3,-3.8,1030.4,109.5
2011-02-12,27.6,-17.2,-6.0,1032.5,29.5
2011-02-13,73.6,-8.1,-4.9,1030.3,38.5
2011-02-14,33.1,-17.1,-5.4,1032.1,28.2
2011-02-15,202.2,-10.8,-5.8,1027.2,6.2
2011-02-16,268.9,-8.0,-3.3,1022.4,7.1
2011-02-17,209.6,-7.3,0.4,1024.8,24.1
2011-02-18,192.6,-9.7,0.2,1026.6,25.5
2011-02-19,189.2,-9.0,2.3,1024.2,32.6
2011-02-20,349.5,-5.8,0.9,1026.5,8.0
2011-02-21,493.9,-4.0,0.6,1024.6,4.9
2011-02-22,401.5,-5.3,0.8,1020.4,9.8
2011-02-23,416.7,-3.9,2.2,1015.4,18.3
2011-02-24,143.5,-9.9,4.2,1021.7,53.2
2011-02-25,70.9,-8.4,1.1,1031.2,36.2
2011-02-26,76.2,-4.4,-1.3,1026.6,47.8
2011-02-27,58.5,-4.8,-0.6,1027.3,73.3
2011-02-28,19.6,-11.1,1.5,1026.8,88.5
2011-03-01,23.5,-14.8,1.0,1025.7,108.6
2011-03-02,25.5,-15.8,1.7,1025.5,124.7
2011-03-03,15.7,-15.2,3.9,1026.9,205.6
2011-03-04,59.4,-11.0,4.1,1022.7,29.5
2011-03-05,97.0,-5.2,7.1,1016.6,64.4
2011-03-06,16.2,-13.8,7.0,1024.0,74.6
2011-03-07,19.3,-14.9,5.9,1023.5,122.0
2011-03-08,16.7,-16.4,5.5,1022.8,185.5
2011-03-09,20.9,-15.8,6.7,1027.4,61.7
2011-03-10,48.7,-13.8,7.4,1022.4,37.1
2011-03-11,93.0,-10.7,6.3,1017.1,25.9
2011-03-12,275.5,-3.5,8.1,1009.0,16.5
2011-03-13,175.2,-5.8,9.7,1013.6,57.7
2011-03-14,14.7,-17.2,6.5,1029.0,165.4
2011-03-15,16.0,-18.1,5.2,1027.1,351.3
2011-03-16,38.4,-13.0,4.5,1023.8,356.3
2011-03-17,113.0,-8.2,6.9,1017.8,19.2
2011-03-18,,-9.2,8.9,1013.5,94.3
2011-03-19,,-8.8,7.4,1017.3,47.0
2011-03-20,,-4.5,6.7,1016.0,62.1
2011-03-21,21.0,-17.5,4.5,1026.2,150.6
2011-03-22,17.4,-20.7,5.5,1028.0,190.0
2011-03-23,21.6,-16.5,6.6,1024.3,151.5
2011-03-24,10.5,-19.2,7.4,1026.4,218.6
2011-03-25,21.0,-14.5,8.5,1027.5,231.6
2011-03-26,61.7,-11.2,8.3,1025.5,27.7
2011-03-27,22.7,-13.8,11.6,1024.0,117.1
2011-03-28,45.7,-8.4,9.1,1027.1,24.1
2011-03-29,79.8,-6.0,11.2,1024.7,29.5
2011-03-30,99.4,-5.8,12.6,1019.8,34.0
2011-03-31,217.5,1.3,13.6,1015.2,12.5
2011-04-01,37.7,-5.5,10.1,1025.9,107.3
2011-04-02,61.8,-3.6,8.5,1029.0,31.7
2011-04-03,132.3,-8.2,11.1,1025.0,32.2
2011-04-04,126.0,-8.0,13.0,1023.0,50.9
2011-04-05,207.7,-4.8,13.0,1022.0,77.3
2011-04-06,142.3,2.0,13.4,1016.0,100.1
2011-04-07,,-6.6,13.8,1017.9,131.0
2011-04-08,30.0,-9.7,13.2,1018.8,132.8
2011-04-09,96.6,-4.5,16.8,1012.0,82.2
2011-04-10,20.3,-15.2,14.0,1021.6,59.5
2011-04-11,20.2,-14.7,15.1,1020.5,70.6
2011-04-12,101.8,-4.1,16.2,1013.3,43.4
2011-04-13,168.2,5.0,17.5,1010.8,25.0
2011-04-14,127.1,1.1,21.9,1004.2,39.8
2011-04-15,31.8,-4.7,19.6,1010.6,36.7
2011-04-16,86.1,-1.8,16.1,1013.8,82.2
2011-04-17,60.3,-6.1,16.5,1011.5,183.2
2011-04-18,16.5,-10.0,14.3,1016.8,200.2
2011-04-19,76.5,-1.3,14.8,1016.7,55.4
2011-04-20,142.3,4.8,16.3,1008.7,62.2
2011-04-21,133.5,6.6,13.1,1014.4,51.0
2011-04-22,46.8,4.7,12.4,1016.0,23.2
2011-04-23,17.1,2.2,13.6,1013.2,59.0
2011-04-24,18.3,-2.6,15.7,1010.2,162.3
2011-04-25,112.2,4.2,13.4,1003.3,37.6
2011-04-26,76.3,4.6,13.1,1004.5,46.5
2011-04-27,44.5,1.2,13.7,1010.2,38.0
2011-04-28,77.9,4.7,16.3,1006.1,48.7
2011-04-29,166.6,10.6,15.8,998.8,36.2
2011-04-30,163.9,4.8,15.9,1001.5,132.3
2011-05-01,68.0,-1.9,21.7,1009.9,255.7
2011-05-02,24.2,-5.7,19.7,1011.4,124.3
2011-05-03,20.3,-3.3,19.6,1014.8,128.3
2011-05-04,66.2,7.3,14.9,1010.2,84.9
2011-05-05,109.3,5.0,16.1,1002.1,44.7
2011-05-06,52.8,0.0,18.2,1002.6,89.8
2011-05-07,32.6,4.1,19.8,1007.3,29.1
2011-05-08,60.5,8.1,15.6,1010.3,40.7
2011-05-09,51.7,8.0,18.9,1006.0,38.0
2011-05-10,33.6,6.1,20.6,1007.8,48.7
2011-05-11,104.5,3.6,20.9,1006.2,105.5
2011-05-12,42.5,-5.9,19.1,1009.3,281.6
2011-05-13,31.8,-3.8,22.0,1009.8,304.4
2011-05-14,30.4,-2.4,24.8,1007.7,179.7
2011-05-15,39.4,0.5,20.6,1010.4,36.2
2011-05-16,52.8,2.4,19.9,1012.4,56.8
2011-05-17,146.0,12.0,20.7,999.5,67.0
2011-05-18,184.2,13.4,22.6,998.9,56.3
2011-05-19,12.7,3.9,20.6,1010.3,116.2
2011-05-20,33.1,-1.7,17.4,1013.9,92.1
2011-05-21,42.0,-2.0,19.0,1013.3,73.3
2011-05-22,65.0,2.4,21.3,1010.8,87.6
2011-05-23,103.7,8.2,21.4,1012.2,91.2
2011-05-24,69.2,9.8,22.4,1013.7,158.7
2011-05-25,61.3,9.9,23.2,1013.0,266.9
2011-05-26,104.1,11.3,20.5,1012.3,77.8
2011-05-27,105.8,14.0,21.2,1011.2,39.8
2011-05-28,143.3,15.8,25.5,1008.6,71.1
2011-05-29,107.8,17.5,24.9,1007.3,79.1
2011-05-30,57.0,11.9,24.9,1002.6,17.0
2011-05-31,13.2,8.4,23.9,1002.3,156.9
2011-06-01,17.0,7.4,25.9,1006.6,207.0
2011-06-02,78.0,10.2,27.0,1003.7,47.4
2011-06-03,30.1,4.4,26.5,1004.0,39.8
2011-06-04,41.3,8.0,25.0,1006.4,38.9
2011-06-05,84.8,11.6,26.2,1006.4,55.0
2011-06-06,95.2,16.0,25.3,1000.3,11.2
2011-06-07,140.3,17.2,25.6,996.4,25.9
2011-06-08,27.2,16.3,25.8,998.6,41.1
2011-06-09,129.4,17.2,26.2,1002.5,38.4
2011-06-10,115.8,16.4,26.9,999.8,45.6
2011-06-11,67.5,16.8,22.7,1003.5,16.1
2011-06-12,22.0,12.1,26.2,1006.0,22.4
2011-06-13,86.8,16.5,26.5,1005.7,27.3
2011-06-14,153.8,16.8,27.3,1002.7,38.9
2011-06-15,147.2,19.0,24.6,1002.5,42.9
2011-06-16,115.7,17.2,21.4,1006.0,17.0
2011-06-17,100.5,17.9,24.8,1007.8,17.4
2011-06-18,182.6,19.1,26.4,1006.6,35.8
2011-06-19,196.4,19.5,25.7,1006.7,44.3
2011-06-20,180.1,18.0,27.2,1004.2,38.4
2011-06-21,146.4,17.0,29.8,1002.0,58.6
2011-06-22,250.8,20.4,26.3,998.5,70.2
2011-06-23,139.5,21.1,22.8,998.8,45.1
2011-06-24,27.0,15.9,22.8,1008.3,34.9
2011-06-25,33.3,14.9,25.0,1011.1,11.6
2011-06-26,52.2,15.0,25.5,1003.7,31.7
2011-06-27,58.5,15.6,26.2,998.9,32.2
2011-06-28,140.1,18.8,26.8,1002.1,37.6
2011-06-29,232.0,21.2,25.9,1003.7,51.0
2011-06-30,143.2,22.0,25.2,1002.6,11.2
2011-07-01,141.2,23.0,25.0,1002.4,13.0
2011-07-02,158.8,23.4,25.7,1000.4,5.8
2011-07-03,110.5,18.9,28.7,1001.6,21.9
2011-07-04,64.6,18.0,29.0,1003.3,29.0
2011-07-05,121.9,19.4,27.1,999.5,67.5
2011-07-06,171.4,21.3,27.8,996.8,34.4
2011-07-07,28.8,14.3,25.4,996.6,35.8
2011-07-08,23.2,15.0,25.9,998.8,62.1
2011-07-09,22.0,15.0,27.3,1004.5,23.2
2011-07-10,82.7,19.2,27.2,1006.5,21.0
2011-07-11,193.2,21.8,27.2,1007.6,40.7
2011-07-12,111.0,21.5,26.8,1008.0,51.0
2011-07-13,95.4,22.0,27.2,1005.3,38.0
2011-07-14,104.7,21.9,26.8,1005.4,34.4
2011-07-15,74.2,20.9,25.1,1006.0,34.4
2011-07-16,75.8,19.9,26.5,1004.5,49.2
2011-07-17,102.1,21.1,24.0,1004.5,19.2
2011-07-18,104.0,20.6,24.9,1004.6,16.6
2011-07-19,102.6,21.7,26.0,1002.2,17.4
2011-07-20,42.3,21.9,23.4,1002.5,21.5
2011-07-21,90.4,22.8,25.2,1002.7,34.9
2011-07-22,167.8,23.8,25.8,1002.9,64.8
2011-07-23,288.2,26.2,28.5,1002.4,9.8
2011-07-24,241.0,25.6,27.5,1001.6,24.1
2011-07-25,49.0,24.0,25.5,999.0,6.3
2011-07-26,50.2,22.8,28.0,999.7,34.0
2011-07-27,64.0,23.4,26.2,1002.1,34.8
2011-07-28,202.9,25.3,27.9,1004.9,55.0
2011-07-29,140.9,23.6,24.9,1006.0,30.4
2011-07-30,40.9,21.9,25.9,1001.7,25.0
2011-07-31,63.9,22.6,28.2,1002.9,19.2
2011-08-01,,25.2,28.0,1004.2,28.2
2011-08-02,,20.0,27.6,1007.1,65.3
2011-08-03,61.1,20.4,25.5,1005.2,72.9
2011-08-04,104.4,21.8,26.5,1004.5,57.2
2011-08-05,150.5,23.0,26.7,1006.2,42.0
2011-08-06,113.0,22.0,25.4,1006.4,60.3
2011-08-07,105.0,23.2,26.4,1006.2,62.1
2011-08-08,100.5,23.1,28.5,1001.0,31.8
2011-08-09,173.9,24.1,27.5,1003.5,27.3
2011-08-10,60.7,21.2,27.7,1007.0,21.5
2011-08-11,99.0,23.7,28.5,1005.4,28.2
2011-08-12,133.8,24.1,28.4,1002.9,32.6
2011-08-13,120.6,24.4,27.6,1000.4,56.8
2011-08-14,104.2,24.8,26.0,1001.9,60.4
2011-08-15,119.1,23.8,24.8,1002.0,21.9
2011-08-16,15.4,20.2,27.2,1003.6,30.4
2011-08-17,51.2,21.2,24.4,1007.3,42.9
2011-08-18,20.1,18.4,25.4,1010.2,40.2
2011-08-19,58.3,20.0,24.9,1012.0,46.0
2011-08-20,77.8,20.2,25.0,1011.9,46.9
2011-08-21,83.9,20.5,25.3,1010.5,28.6
2011-08-22,105.5,19.3,25.1,1010.9,20.1
2011-08-23,130.0,19.6,24.6,1012.0,13.9
2011-08-24,105.1,20.0,23.8,1011.8,21.9
2011-08-25,99.3,20.2,22.2,1014.1,14.3
2011-08-26,91.0,20.8,22.9,1015.4,40.7
2011-08-27,90.1,19.4,22.8,1013.2,30.8
2011-08-28,86.2,18.9,23.2,1009.8,17.4
2011-08-29,121.3,20.2,24.2,1009.0,21.5
2011-08-30,164.9,22.4,26.0,1008.3,20.1
2011-08-31,235.2,23.6,26.3,1005.1,6.3
2011-09-01,38.9,16.7,23.7,1010.6,38.0
2011-09-02,55.2,17.2,23.2,1009.6,40.6
2011-09-03,84.5,19.1,23.2,1012.8,42.9
2011-09-04,91.5,17.3,23.8,1013.2,18.3
2011-09-05,90.4,16.9,22.6,1013.1,39.3
2011-09-06,112.2,17.1,23.3,1009.8,40.7
2011-09-07,163.2,18.3,22.9,1006.0,56.8
2011-09-08,38.2,15.6,18.8,1012.3,20.1
2011-09-09,21.3,10.0,19.5,1020.1,30.0
2011-09-10,21.6,12.9,14.7,1023.6,38.0
2011-09-11,43.5,14.1,17.6,1019.1,17.4
2011-09-12,120.6,14.9,16.7,1015.9,32.2
2011-09-13,120.0,17.8,20.0,1012.3,45.6
2011-09-14,155.9,18.1,20.8,1010.1,15.2
2011-09-15,156.2,18.0,21.2,1009.8,12.5
2011-09-16,23.2,13.0,19.3,1014.4,34.4
2011-09-17,17.9,3.8,17.0,1019.7,21.9
2011-09-18,21.5,2.5,14.9,1025.5,21.0
2011-09-19,28.7,4.8,15.5,1023.3,44.3
2011-09-20,37.0,5.2,16.7,1019.3,38.4
2011-09-21,39.5,5.9,17.7,1015.0,18.8
2011-09-22,50.2,6.4,18.4,1014.8,46.0
2011-09-23,116.4,10.4,18.5,1015.6,25.0
2011-09-24,148.3,12.4,19.3,1013.9,23.2
2011-09-25,260.3,14.6,18.6,1016.2,16.1
2011-09-26,217.6,13.5,19.5,1017.8,36.7
2011-09-27,216.5,13.7,19.0,1016.5,41.1
2011-09-28,289.1,16.1,18.3,1014.2,6.2
2011-09-29,58.8,2.4,18.3,1018.1,119.4
2011-09-30,25.0,-1.0,14.0,1024.5,46.0
2011-10-01,41.5,1.1,14.7,1025.1,35.8
2011-10-02,23.7,-0.6,12.9,1030.5,14.8
2011-10-03,39.5,1.4,13.0,1026.8,28.6
2011-10-04,,7.5,13.1,1019.7,12.1
2011-10-05,,10.0,16.6,1013.5,30.4
2011-10-06,,1.4,15.4,1018.5,17.4
2011-10-07,146.2,8.4,13.8,1019.2,25.5
2011-10-08,189.5,11.9,15.6,1017.9,19.7
2011-10-09,359.5,14.4,18.8,1018.4,26.4
2011-10-10,80.2,7.5,17.4,1025.0,17.0
2011-10-11,111.4,11.5,17.5,1023.5,20.6
2011-10-12,229.1,13.2,17.2,1017.2,8.0
2011-10-13,100.0,11.5,17.2,1011.5,20.1
2011-10-14,13.2,1.6,15.7,1011.0,73.8
2011-10-15,14.3,2.9,15.4,1009.2,159.6
2011-10-16,15.9,1.1,16.9,1013.1,76.9
2011-10-17,30.4,1.3,12.1,1022.5,15.2
2011-10-18,91.1,7.2,12.1,1024.2,7.6
2011-10-19,171.8,9.8,12.5,1021.8,19.2
2011-10-20,287.2,11.7,13.2,1020.5,12.1
2011-10-21,252.5,10.8,13.2,1019.7,5.3
2011-10-22,314.2,11.4,13.5,1017.3,9.8
2011-10-23,192.0,6.8,10.5,1021.2,33.5
2011-10-24,16.9,-2.8,7.5,1028.4,22.4
2011-10-25,23.1,-3.0,7.5,1029.6,22.8
2011-10-26,123.1,3.5,7.5,1024.5,2.7
2011-10-27,205.6,5.0,9.0,1023.0,17.9
2011-10-28,170.6,4.0,9.5,1024.2,10.3
2011-10-29,231.4,6.3,8.7,1021.6,23.7
2011-10-30,285.8,7.4,8.8,1021.3,24.2
2011-10-31,246.2,10.9,12.7,1022.8,25.0
2011-11-01,206.4,11.0,12.9,1023.2,31.3
2011-11-02,41.4,3.0,10.6,1027.9,67.9
2011-11-03,67.2,6.3,12.2,1026.4,5.4
2011-11-04,99.2,7.7,13.2,1023.0,15.6
2011-11-05,29.9,4.5,11.4,1026.9,55.9
2011-11-06,65.2,3.1,9.6,1027.7,9.4
2011-11-07,57.5,1.4,9.0,1027.7,28.2
2011-11-08,55.4,2.5,11.2,1026.8,34.0
2011-11-09,37.2,-1.7,8.0,1025.4,29.9
2011-11-10,65.9,-2.8,7.2,1019.3,28.2
2011-11-11,150.0,0.7,6.3,1014.9,5.4
2011-11-12,57.3,-6.0,11.1,1018.0,78.7
2011-11-13,26.8,-11.7,5.4,1025.2,67.0
2011-11-14,143.0,-6.6,3.8,1025.5,5.4
2011-11-15,208.2,-0.1,4.0,1026.8,10.3
2011-11-16,221.8,4.0,7.2,1026.8,9.8
2011-11-17,121.3,5.9,6.9,1020.8,24.6
2011-11-18,86.2,4.7,9.6,1015.4,32.2
2011-11-19,23.5,-8.2,4.3,1023.5,150.2
2011-11-20,53.1,-9.3,0.6,1029.9,163.2
2011-11-21,137.6,-4.0,1.6,1029.0,13.4
2011-11-22,167.2,-5.9,4.1,1022.7,135.4
2011-11-23,19.5,-14.8,0.8,1032.0,268.6
2011-11-24,177.7,-7.8,-2.5,1027.8,4.5
2011-11-25,213.3,-5.8,-1.0,1028.2,21.9
2011-11-26,247.1,-4.0,1.5,1021.3,34.9
2011-11-27,225.8,-3.2,2.7,1020.8,25.0
2011-11-28,138.6,-2.3,4.9,1025.8,30.4
2011-11-29,63.6,-8.3,1.9,1033.3,17.0
2011-11-30,99.0,-11.0,0.7,1037.4,15.6
2011-12-01,158.0,-7.4,-1.8,1031.4,8.5
2011-12-02,320.6,-2.0,-1.0,1023.4,8.0
2011-12-03,125.5,-7.0,-0.6,1025.8,15.2
2011-12-04,259.3,-4.5,-2.2,1028.8,15.7
2011-12-05,320.5,-1.9,-1.3,1031.8,7.6
2011-12-06,239.3,-0.5,0.3,1031.2,16.1
2011-12-07,127.6,-6.9,0.9,1033.4,123.8
2011-12-08,11.0,-17.5,-3.8,1039.7,183.7
2011-12-09,18.2,-16.7,-3.6,1036.9,147.0
2011-12-10,34.3,-14.0,0.1,1029.0,193.1
2011-12-11,84.7,-9.6,2.1,1026.1,65.3
2011-12-12,48.1,-7.8,1.7,1029.6,24.2
2011-12-13,159.7,-2.2,0.4,1024.6,25.0
2011-12-14,14.5,-17.2,-1.8,1033.2,202.5
2011-12-15,14.5,-18.9,-4.4,1036.6,219.1
2011-12-16,23.0,-21.6,-6.2,1038.5,279.0
2011-12-17,107.0,-17.2,-5.8,1033.5,19.7
2011-12-18,54.1,-17.6,-3.0,1033.2,34.0
2011-12-19,57.8,-18.4,-2.3,1031.0,20.1
2011-12-20,87.9,-15.1,-2.8,1028.8,35.3
2011-12-21,24.5,-18.0,-2.0,1029.8,121.6
2011-12-22,27.2,-17.7,-2.1,1032.0,84.0
2011-12-23,58.1,-15.2,-2.5,1026.3,46.9
2011-12-24,39.4,-15.9,-1.9,1027.5,40.7
2011-12-25,86.8,-14.1,-3.6,1032.0,12.5
2011-12-26,135.4,-12.2,-4.9,1036.1,6.2
2011-12-27,198.6,-10.3,-4.2,1030.9,22.4
2011-12-28,171.8,-9.7,-2.6,1031.5,31.7
2011-12-29,61.4,-10.6,-4.7,1038.0,47.0
2011-12-30,132.8,-8.8,-4.1,1033.5,49.6
2011-12-31,159.0,-11.8,-3.7,1029.0,35.8
2012-01-01,79.0,-15.0,-3.4,1033.0,47.4
2012-01-02,67.6,-13.2,-2.7,1028.9,119.4
2012-01-03,14.8,-19.5,-3.9,1032.4,339.8
2012-01-04,30.7,-19.5,-4.5,1034.2,363.9
2012-01-05,113.1,-17.5,-6.1,1029.2,20.1
2012-01-06,119.5,-13.5,-5.4,1037.1,34.4
2012-01-07,112.8,-7.2,-4.5,1037.9,56.8
2012-01-08,165.5,-7.8,-4.1,1032.7,15.6
2012-01-09,173.5,-11.6,-5.3,1031.5,14.8
2012-01-10,246.3,-13.2,-3.6,1033.3,89.4
2012-01-11,50.9,-16.8,-5.5,1036.9,36.2
2012-01-12,155.2,-14.8,-5.2,1026.2,17.0
2012-01-13,59.2,-13.9,-2.4,1027.4,47.4
2012-01-14,92.0,-15.0,-2.8,1025.8,17.9
2012-01-15,,-12.3,-3.9,1023.3,7.6
2012-01-16,,-9.8,-4.7,1020.8,15.2
2012-01-17,327.2,-7.0,-2.1,1022.5,7.2
2012-01-18,398.0,-6.4,-2.8,1025.6,24.6
2012-01-19,426.8,-6.7,-2.4,1028.8,11.6
2012-01-20,58.7,-18.9,-3.5,1035.0,125.6
2012-01-21,15.5,-25.7,-8.3,1037.2,185.5
2012-01-22,48.0,-24.8,-9.3,1034.8,22.8
2012-01-23,199.9,-23.1,-8.3,1028.7,63.9
2012-01-24,21.4,-22.5,-5.8,1027.6,78.7
2012-01-25,61.5,-20.5,-6.2,1022.9,26.8
2012-01-26,109.8,-17.9,-5.5,1020.8,12.5
2012-01-27,73.6,-17.6,-3.9,1026.6,26.4
2012-01-28,86.8,-10.5,-5.4,1030.3,7.1
2012-01-29,46.6,-18.8,-4.9,1033.8,15.6
2012-01-30,117.9,-10.5,-6.4,1030.7,27.7
2012-01-31,76.4,-18.3,-4.8,1024.9,80.0
2012-02-01,18.5,-25.6,-8.6,1035.8,85.8
2012-02-02,28.2,-24.4,-7.4,1036.8,75.5
2012-02-03,71.0,-23.2,-6.0,1025.0,39.8
2012-02-04,35.2,-22.5,-3.6,1026.0,26.4
2012-02-05,127.9,-13.6,-1.9,1019.0,14.7
2012-02-06,79.8,-21.4,-4.5,1026.5,233.3
2012-02-07,18.0,-25.4,-7.2,1031.4,304.8
2012-02-08,14.8,-22.9,-4.5,1026.6,136.3
2012-02-09,47.5,-19.7,-4.0,1025.9,28.6
2012-02-10,25.7,-20.9,-1.0,1029.0,59.5
2012-02-11,87.8,-19.0,-2.3,1027.3,50.5
2012-02-12,106.5,-9.2,-3.2,1027.0,21.4
2012-02-13,203.5,-9.5,-2.0,1022.9,13.0
2012-02-14,112.8,-17.3,-1.4,1026.8,25.0
2012-02-15,112.0,-10.8,-3.2,1028.8,16.1
2012-02-16,13.6,-20.4,-2.1,1029.8,133.2
2012-02-17,13.8,-21.8,-4.0,1032.5,331.3
2012-02-18,32.4,-21.3,-2.9,1031.1,344.2
2012-02-19,70.0,-20.0,-1.8,1024.1,17.0
2012-02-20,145.1,-16.5,-1.1,1020.6,23.2
2012-02-21,117.3,-10.8,-1.0,1020.1,13.4
2012-02-22,167.8,-5.6,0.7,1015.6,21.0
2012-02-23,23.5,-16.2,0.0,1026.0,36.7
2012-02-24,96.0,-11.0,-0.4,1024.1,38.9
2012-02-25,22.6,-18.8,-0.7,1030.8,81.3
2012-02-26,58.9,-17.0,-0.2,1028.8,15.2
2012-02-27,190.0,-9.3,-0.3,1024.5,25.5
2012-02-28,208.6,-8.4,0.8,1020.5,42.9
2012-02-29,221.1,-6.4,1.0,1020.5,49.2
2012-03-01,253.2,-3.1,0.8,1023.5,12.5
2012-03-02,127.2,-0.7,0.7,1027.2,44.3
2012-03-03,94.1,-5.9,0.3,1028.5,57.2
2012-03-04,127.9,-7.9,0.5,1022.0,59.0
2012-03-05,172.6,-6.3,-0.5,1013.6,15.2
2012-03-06,21.2,-14.8,4.8,1015.9,177.9
2012-03-07,20.0,-14.8,4.8,1021.8,123.8
2012-03-08,17.3,-19.9,-0.5,1029.8,136.8
2012-03-09,90.1,-11.1,-0.0,1026.5,46.0
2012-03-10,39.2,-16.2,0.7,1026.4,158.2
2012-03-11,20.9,-21.9,0.1,1032.8,278.9
2012-03-12,72.0,-16.8,1.2,1026.6,24.1
2012-03-13,116.5,-12.5,4.8,1019.5,39.8
2012-03-14,30.0,-15.8,6.7,1024.9,42.9
2012-03-15,96.6,-7.2,3.8,1023.9,49.6
2012-03-16,269.8,3.3,6.0,1013.1,22.4
2012-03-17,202.6,3.0,3.2,1013.5,54.5
2012-03-18,44.1,-4.4,1.6,1026.3,48.7
2012-03-19,99.5,-2.5,3.1,1025.6,23.2
2012-03-20,133.0,-2.5,4.8,1024.0,38.4
2012-03-21,275.1,1.1,5.7,1020.0,54.1
2012-03-22,172.8,-1.2,8.1,1021.3,41.1
2012-03-23,31.9,-6.0,7.2,1015.2,144.8
2012-03-24,18.7,-12.2,9.4,1018.8,165.0
2012-03-25,40.4,-10.0,8.4,1023.0,30.4
2012-03-26,153.6,-3.8,9.2,1018.7,11.2
2012-03-27,116.9,-5.7,13.8,1020.1,58.6
2012-03-28,49.2,-5.6,14.3,1023.5,68.4
2012-03-29,47.8,-6.0,15.3,1013.8,136.3
2012-03-30,15.8,-13.7,10.2,1021.4,318.2
2012-03-31,26.5,-13.9,8.8,1019.1,43.8
2012-04-01,57.0,-7.2,7.4,1017.0,72.9
2012-04-02,42.2,-6.5,8.4,1015.4,29.5
2012-04-03,21.3,-14.1,12.6,1015.5,61.2
2012-04-04,16.6,-14.3,15.2,1011.2,128.7
2012-04-05,16.4,-13.2,13.7,1015.7,189.1
2012-04-06,29.6,-6.4,13.5,1017.3,29.1
2012-04-07,74.0,-5.2,10.9,1015.9,30.8
2012-04-08,54.0,-11.5,17.8,1014.4,97.5
2012-04-09,123.1,0.9,18.2,1012.4,62.6
2012-04-10,63.7,8.3,17.9,1009.0,92.1
2012-04-11,19.2,-8.0,14.8,1014.9,83.6
2012-04-12,32.2,-7.6,18.7,1008.2,64.4
2012-04-13,54.3,0.0,18.7,1007.1,78.7
2012-04-14,58.9,-0.1,21.4,1005.2,87.2
2012-04-15,74.5,3.8,19.0,1008.1,86.7
2012-04-16,32.5,-4.1,15.9,1017.0,47.4
2012-04-17,120.9,4.8,18.2,1008.7,75.5
2012-04-18,157.8,12.1,18.1,1007.9,110.0
2012-04-19,110.9,10.0,14.0,1011.9,23.7
2012-04-20,145.9,11.7,13.4,1016.2,48.3
2012-04-21,167.0,10.7,13.4,1011.0,21.9
2012-04-22,167.3,11.2,16.6,1003.5,22.4
2012-04-23,251.9,13.9,19.0,1002.8,29.5
2012-04-24,97.9,13.7,15.6,1005.4,70.2
2012-04-25,19.5,-3.1,14.5,1007.8,198.0
2012-04-26,73.5,3.9,13.7,1002.1,17.0
2012-04-27,78.9,-2.7,18.2,1000.3,165.8
2012-04-28,110.2,-7.9,15.1,1012.0,39.3
2012-04-29,179.5,0.9,15.0,1012.0,43.8
2012-04-30,174.3,11.7,15.5,1009.7,34.0
2012-05-01,184.1,12.1,18.5,1011.8,48.7
2012-05-02,98.5,9.5,21.9,1007.8,25.0
2012-05-03,71.2,8.0,23.7,1007.6,20.1
2012-05-04,118.6,11.4,24.1,1006.4,36.6
2012-05-05,96.2,3.8,23.5,1009.1,32.6
2012-05-06,106.2,8.7,22.4,1004.2,47.4
2012-05-07,87.2,5.8,21.2,1004.2,11.2
2012-05-08,83.8,6.2,22.5,1007.6,19.7
2012-05-09,110.4,7.3,21.2,1012.7,42.5
2012-05-10,177.2,12.6,22.9,1010.8,30.9
2012-05-11,157.6,14.2,19.5,1011.3,31.8
2012-05-12,104.9,12.5,18.3,1010.2,41.6
2012-05-13,136.7,13.1,18.0,1007.4,122.4
2012-05-14,46.4,-0.1,19.1,1007.8,69.7
2012-05-15,33.9,-2.0,20.2,1005.0,116.2
2012-05-16,28.4,-0.9,22.6,1002.5,178.8
2012-05-17,56.1,6.5,22.0,1005.5,190.8
2012-05-18,92.2,11.4,22.8,1006.6,54.1
2012-05-19,155.6,16.8,24.9,1008.1,33.1
2012-05-20,,15.7,20.3,1014.0,35.8
2012-05-21,145.2,15.7,21.3,1014.1,27.3
2012-05-22,90.1,14.5,23.9,1009.9,56.8
2012-05-23,33.0,1.3,23.0,1010.9,59.9
2012-05-24,35.2,1.8,21.7,1010.7,10.7
2012-05-25,53.8,5.9,21.7,1009.4,25.5
2012-05-26,80.5,9.2,24.0,1004.8,66.6
2012-05-27,114.2,12.8,24.2,1006.6,70.6
2012-05-28,128.3,13.1,25.8,1011.5,43.4
2012-05-29,70.6,13.2,22.8,1011.0,56.3
2012-05-30,13.5,6.2,20.9,1015.7,25.0
2012-05-31,65.7,9.8,19.5,1017.0,28.6
2012-06-01,76.6,14.0,18.8,1012.8,27.3
2012-06-02,126.4,14.7,22.0,1009.8,57.2
2012-06-03,167.2,18.5,21.2,1005.5,66.6
2012-06-04,114.2,15.8,24.2,1004.2,44.3
2012-06-05,59.5,12.4,27.0,1003.8,30.0
2012-06-06,149.0,15.5,25.0,1001.2,44.3
2012-06-07,64.5,15.1,26.0,999.6,26.8
2012-06-08,73.5,15.3,26.8,999.8,49.6
2012-06-09,111.9,18.6,24.5,998.2,62.6
2012-06-10,13.1,6.5,23.5,1000.5,24.2
2012-06-11,28.4,6.3,24.8,997.0,32.2
2012-06-12,22.3,9.2,24.3,996.5,20.1
2012-06-13,69.9,13.5,22.3,999.9,24.6
2012-06-14,10.0,13.1,21.9,1004.0,37.1
2012-06-15,10.8,11.8,23.6,1006.3,25.9
2012-06-16,24.3,12.6,25.8,1004.5,44.3
2012-06-17,75.9,13.9,28.6,1001.8,36.7
2012-06-18,174.4,16.4,27.8,1001.9,25.0
2012-06-19,182.8,18.7,25.5,1000.8,36.7
2012-06-20,180.7,18.8,25.8,1002.3,44.7
2012-06-21,183.0,19.1,26.1,1003.7,37.1
2012-06-22,105.1,19.9,23.8,1003.9,54.1
2012-06-23,165.6,20.8,24.1,1002.2,23.7
2012-06-24,163.5,21.5,23.2,1002.2,37.6
2012-06-25,90.8,20.8,23.5,1005.8,43.8
2012-06-26,109.8,20.8,24.3,1009.8,58.1
2012-06-27,68.9,18.8,24.5,1012.0,30.0
2012-06-28,113.1,20.0,21.7,1009.7,34.4
2012-06-29,84.0,20.7,22.2,1004.6,10.7
2012-06-30,70.5,19.6,27.5,1003.0,30.4
2012-07-01,132.1,23.3,28.7,998.9,39.3
2012-07-02,42.5,14.9,29.7,998.2,21.5
2012-07-03,33.0,16.9,29.0,996.3,25.5
2012-07-04,87.4,18.3,27.7,1000.6,39.8
2012-07-05,97.1,20.8,24.5,1003.0,46.0
2012-07-06,119.1,21.8,23.7,1002.5,9.0
2012-07-07,162.2,23.5,26.9,1001.5,47.8
2012-07-08,145.1,23.5,26.9,1001.9,26.4
2012-07-09,96.9,23.7,25.4,1002.0,37.6
2012-07-10,47.1,23.5,26.7,996.6,42.9
2012-07-11,64.0,22.1,25.1,994.5,10.3
2012-07-12,23.5,20.8,26.5,997.9,10.3
2012-07-13,24.9,19.9,26.5,1003.2,12.1
2012-07-14,31.6,18.1,26.2,1003.8,16.1
2012-07-15,40.9,17.5,27.4,1004.9,20.6
2012-07-16,76.5,18.5,28.3,1007.5,32.2
2012-07-17,82.0,20.7,27.6,1009.2,72.0
2012-07-18,87.4,21.5,26.6,1008.0,97.0
2012-07-19,122.0,22.9,27.1,1005.6,36.2
2012-07-20,198.5,24.2,28.6,1004.2,35.3
2012-07-21,171.6,24.4,25.7,1002.1,64.0
2012-07-22,16.0,20.1,27.7,998.6,62.6
2012-07-23,32.0,20.2,27.1,1004.8,28.6
2012-07-24,66.4,21.8,26.7,1008.1,32.2
2012-07-25,84.3,24.0,26.2,1007.3,29.1
2012-07-26,57.2,24.2,25.3,1004.0,38.9
2012-07-27,83.8,24.6,26.2,1005.5,8.5
2012-07-28,103.4,25.4,27.6,1001.5,62.2
2012-07-29,,21.7,28.3,999.2,49.2
2012-07-30,56.4,21.5,25.7,1004.0,16.1
2012-07-31,26.3,20.2,20.7,1006.7,26.4
2012-08-01,12.6,20.1,21.0,1007.2,40.2
2012-08-02,19.0,20.6,25.2,1007.5,15.6
2012-08-03,57.1,23.2,26.5,1007.5,33.5
2012-08-04,25.3,22.1,27.8,1007.4,35.3
2012-08-05,47.0,23.0,27.6,1010.8,30.4
2012-08-06,64.3,23.8,28.3,1008.9,31.3
2012-08-07,67.1,24.3,28.0,1006.7,32.2
2012-08-08,77.3,24.8,28.0,1005.0,13.9
2012-08-09,38.1,21.4,27.5,1006.6,21.5
2012-08-10,77.0,21.8,27.3,1006.5,27.7
2012-08-11,108.0,21.3,24.7,1005.8,23.7
2012-08-12,,20.9,24.2,1005.4,52.8
2012-08-13,25.0,17.8,24.6,1009.0,29.1
2012-08-14,55.3,16.8,21.6,1006.8,53.2
2012-08-15,52.4,18.0,24.2,1006.6,55.0
2012-08-16,76.5,19.7,25.6,1010.3,42.9
2012-08-17,124.0,21.2,25.2,1007.8,61.7
2012-08-18,180.4,22.7,24.4,1006.5,75.1
2012-08-19,,19.3,25.2,1006.4,22.4
2012-08-20,,21.6,25.2,1005.8,32.6
2012-08-21,15.1,11.2,23.6,1013.0,37.6
2012-08-22,19.8,8.8,21.6,1015.9,28.2
2012-08-23,77.2,14.8,22.1,1014.5,31.3
2012-08-24,85.6,14.9,23.0,1013.5,30.8
2012-08-25,124.9,16.5,23.3,1011.9,27.7
2012-08-26,155.7,18.6,24.5,1010.4,42.9
2012-08-27,67.0,21.8,25.2,1009.2,30.9
2012-08-28,84.0,21.2,27.1,1002.8,32.6
2012-08-29,103.8,20.9,28.3,1004.8,19.2
2012-08-30,239.1,22.5,27.7,1008.9,22.4
2012-08-31,185.5,23.1,27.8,1010.3,36.2
2012-09-01,160.7,22.9,25.2,1010.0,15.2
2012-09-02,34.0,18.3,21.0,1008.3,62.6
2012-09-03,9.5,9.2,21.1,1012.9,74.2
2012-09-04,13.2,8.2,19.8,1015.2,80.0
2012-09-05,32.3,11.6,20.0,1017.1,43.8
2012-09-06,90.4,14.7,18.5,1017.0,44.7
2012-09-07,85.7,17.7,20.8,1015.2,23.2
2012-09-08,49.3,17.4,22.3,1014.8,19.7
2012-09-09,110.5,18.5,22.2,1014.5,22.4
2012-09-10,131.2,19.1,22.8,1014.0,14.8
2012-09-11,107.2,18.5,21.7,1010.4,39.3
2012-09-12,20.5,9.5,20.0,1010.8,76.4
2012-09-13,14.6,8.6,18.2,1013.0,9.8
2012-09-14,16.5,8.3,18.0,1016.8,34.4
2012-09-15,33.1,9.6,18.8,1019.9,29.5
2012-09-16,55.5,10.8,19.0,1020.5,14.3
2012-09-17,42.4,9.8,20.2,1013.6,33.5
2012-09-18,32.8,8.1,21.5,1009.4,33.1
2012-09-19,51.8,10.0,20.3,1009.0,16.1
2012-09-20,112.4,14.8,20.2,1012.8,11.6
2012-09-21,152.6,15.0,21.6,1011.7,37.6
2012-09-22,106.4,15.8,21.5,1011.2,10.3
2012-09-23,108.2,15.0,21.0,1013.3,13.0
2012-09-24,63.6,15.1,20.5,1017.5,9.8
2012-09-25,63.0,15.9,18.8,1017.9,29.5
2012-09-26,26.3,12.0,19.0,1019.3,25.9
2012-09-27,38.6,11.0,16.0,1016.6,37.1
2012-09-28,3.0,-4.0,19.0,1018.2,247.2
2012-09-29,14.2,2.1,17.0,1018.0,253.9
2012-09-30,14.6,5.1,16.8,1017.4,22.4
2012-10-01,51.2,8.1,16.5,1016.0,13.4
2012-10-02,148.5,11.7,16.5,1014.0,12.5
2012-10-03,65.3,7.2,17.8,1012.4,44.7
2012-10-04,12.8,4.3,18.0,1014.9,33.5
2012-10-05,43.8,8.0,17.0,1017.8,18.3
2012-10-06,95.9,7.4,17.1,1024.0,18.3
2012-10-07,126.1,11.1,16.1,1022.8,12.5
2012-10-08,252.5,12.6,16.4,1018.5,13.9
2012-10-09,124.5,6.5,18.2,1014.7,138.6
2012-10-10,16.6,-0.9,15.5,1020.1,159.1
2012-10-11,127.4,4.8,12.7,1015.9,34.9
2012-10-12,167.6,6.0,11.0,1014.0,21.4
2012-10-13,43.3,6.0,11.0,1014.1,42.7
2012-10-14,40.8,7.0,14.0,1020.0,64.1
2012-10-15,103.1,7.0,14.0,1020.0,85.4
2012-10-16,43.1,3.3,12.6,1018.5,113.6
2012-10-17,22.7,-5.3,10.5,1019.6,117.6
2012-10-18,60.1,0.8,10.7,1017.5,11.6
2012-10-19,169.3,5.1,10.3,1017.0,5.8
2012-10-20,215.1,6.1,12.7,1017.8,21.0
2012-10-21,48.4,7.0,10.8,1020.9,28.2
2012-10-22,26.3,2.1,11.8,1017.9,85.4
2012-10-23,72.6,3.5,10.2,1015.3,10.3
2012-10-24,108.8,3.3,13.5,1011.7,33.1
2012-10-25,191.3,7.6,12.2,1016.7,9.8
2012-10-26,279.9,11.8,13.0,1018.5,12.5
2012-10-27,158.4,3.4,15.2,1017.0,76.9
2012-10-28,24.6,-1.8,10.9,1026.0,91.2
2012-10-29,39.7,0.9,10.7,1024.3,30.8
2012-10-30,31.3,-8.2,8.0,1023.4,51.8
2012-10-31,27.8,-7.2,7.7,1020.4,41.6
2012-11-01,95.0,-1.6,7.4,1019.2,13.9
2012-11-02,161.3,4.2,7.9,1019.9,14.3
2012-11-03,148.8,6.5,7.9,1017.2,72.9
2012-11-04,19.4,1.0,3.5,1011.7,261.5
2012-11-05,27.0,-3.3,7.1,1019.9,446.6
2012-11-06,81.0,-1.2,6.2,1021.5,454.6
2012-11-07,67.5,-3.8,7.8,1019.0,89.4
2012-11-08,53.2,-2.5,6.5,1020.0,115.4
2012-11-09,105.2,2.5,7.5,1024.2,5.8
2012-11-10,77.0,2.8,5.9,1021.7,55.0
2012-11-11,11.8,-11.2,4.0,1014.9,271.8
2012-11-12,21.0,-12.6,5.2,1017.7,312.0
2012-11-13,13.0,-16.9,3.3,1018.4,288.3
2012-11-14,35.9,-12.5,1.5,1024.9,309.8
2012-11-15,143.1,-5.0,1.4,1027.3,8.0
2012-11-16,121.0,-1.6,3.6,1021.8,51.0
2012-11-17,63.6,-4.3,3.4,1020.0,61.7
2012-11-18,130.0,-4.4,4.1,1019.0,57.7
2012-11-19,23.2,-9.7,4.2,1024.4,109.1
2012-11-20,121.6,-4.7,2.5,1023.0,21.9
2012-11-21,259.7,-2.5,2.4,1019.2,5.3
2012-11-22,160.6,-6.2,3.4,1023.8,76.9
2012-11-23,42.1,-14.0,1.0,1026.7,82.7
2012-11-24,150.5,-7.2,-0.4,1020.8,11.6
2012-11-25,160.7,-9.8,2.1,1020.1,61.7
2012-11-26,27.0,-15.7,3.0,1021.2,100.6
2012-11-27,185.2,-8.3,0.1,1012.5,26.8
2012-11-28,23.1,-16.5,2.0,1020.9,173.4
2012-11-29,69.0,-12.4,-1.8,1024.0,3.6
2012-11-30,36.2,-19.4,-3.3,1031.2,81.8
2012-12-01,81.4,-12.2,-5.0,1030.3,38.0
2012-12-02,235.1,-6.0,-4.8,1020.3,9.8
2012-12-03,69.0,-14.3,-1.8,1021.2,113.5
2012-12-04,91.9,-12.8,-3.7,1021.5,8.0
2012-12-05,14.2,-19.8,-4.3,1024.1,135.4
2012-12-06,70.0,-16.3,-7.0,1022.2,6.7
2012-12-07,59.8,-18.6,-4.9,1023.8,62.6
2012-12-08,13.2,-26.2,-7.3,1028.0,256.6
2012-12-09,22.0,-22.5,-4.9,1027.1,368.8
2012-12-10,71.3,-13.8,-4.4,1029.3,15.6
2012-12-11,137.0,-10.9,-5.3,1032.5,12.5
2012-12-12,196.4,-4.9,-3.5,1029.1,46.5
2012-12-13,222.7,-4.3,-1.8,1027.0,49.2
2012-12-14,208.3,-1.1,-0.5,1023.9,113.6
2012-12-15,261.6,-0.2,1.2,1023.8,7.2
2012-12-16,139.9,-2.9,-1.4,1027.9,43.8
2012-12-17,32.5,-13.0,-3.1,1034.3,151.1
2012-12-18,37.8,-16.7,-6.0,1035.9,173.0
2012-12-19,191.9,-10.5,-6.3,1029.2,9.8
2012-12-20,240.0,-8.0,-5.5,1029.9,25.0
2012-12-21,128.0,-10.5,-3.6,1029.2,58.6
2012-12-22,24.4,-18.9,-6.2,1035.8,96.6
2012-12-23,11.8,-23.9,-10.8,1036.3,226.6
2012-12-24,,-19.6,-11.5,1028.2,42.9
2012-12-25,,-23.9,-9.4,1038.0,85.4
2012-12-26,,-17.1,-11.5,1035.8,5.3
2012-12-27,,-14.9,-10.2,1028.5,34.4
2012-12-28,238.0,-10.8,-6.6,1026.4,61.2
2012-12-29,44.2,-17.2,-4.6,1030.4,147.1
2012-12-30,18.3,-19.4,-4.9,1025.5,120.3
2012-12-31,86.8,-15.9,-7.9,1018.9,17.0
2013-01-01,16.5,-20.5,-7.2,1023.7,126.5
2013-01-02,18.5,-27.5,-10.5,1039.5,341.1
2013-01-03,24.5,-24.6,-9.9,1043.5,393.8
2013-01-04,78.8,-21.1,-10.7,1032.8,38.0
2013-01-05,66.4,-21.1,-7.6,1028.7,20.6
2013-01-06,131.1,-17.6,-6.7,1027.7,34.9
2013-01-07,144.2,-15.8,-7.1,1025.2,23.3
2013-01-08,131.8,-17.6,-7.0,1031.0,82.2
2013-01-09,50.2,-19.5,-7.0,1030.6,16.1
2013-01-10,242.9,-13.1,-8.3,1027.7,18.8
2013-01-11,363.8,-7.8,-3.9,1024.1,9.8
2013-01-12,552.5,-10.1,-7.4,1023.2,11.6
2013-01-13,435.2,-6.5,-3.6,1024.5,17.9
2013-01-14,306.1,-7.5,-4.6,1027.3,34.9
2013-01-15,113.8,-7.5,-5.0,1026.2,67.5
2013-01-16,118.4,-13.8,-4.0,1033.0,26.8
2013-01-17,65.2,-15.6,-3.7,1037.1,23.2
2013-01-18,271.5,-12.2,-5.6,1027.4,11.6
2013-01-19,202.9,-10.2,-2.4,1029.5,12.1
2013-01-20,104.2,-5.8,-2.4,1030.8,14.3
2013-01-21,150.2,-5.8,-2.0,1028.9,21.0
2013-01-22,184.3,-7.8,-6.2,1028.9,25.5
2013-01-23,386.3,-6.5,-5.1,1019.4,10.7
2013-01-24,28.9,-16.2,-0.7,1022.9,81.4
2013-01-25,69.5,-15.9,-7.0,1023.9,15.6
2013-01-26,157.5,-11.0,-5.7,1027.4,11.2
2013-01-27,308.3,-6.8,-5.0,1027.8,7.2
2013-01-28,399.4,-5.0,-1.8,1021.5,14.3
2013-01-29,438.1,-5.2,-4.5,1025.3,23.7
2013-01-30,278.1,-4.5,-3.0,1026.0,34.4
2013-01-31,181.3,-2.2,-1.3,1024.0,18.3
2013-02-01,39.1,-11.2,-1.5,1028.4,27.3
2013-02-02,44.9,-14.4,-3.0,1031.7,33.1
2013-02-03,184.7,-4.4,-2.8,1021.0,13.0
2013-02-04,42.6,-11.8,-3.2,1028.3,38.9
2013-02-05,90.8,-5.6,-3.5,1024.1,41.1
2013-02-06,99.9,-15.4,-5.2,1026.2,113.1
2013-02-07,12.4,-24.8,-9.6,1038.4,134.5
2013-02-08,56.5,-19.8,-7.8,1035.8,31.3
2013-02-09,190.1,-13.8,-4.8,1025.8,10.7
2013-02-10,60.5,-18.9,-3.2,1030.7,49.6
2013-02-11,64.8,-13.8,-4.8,1032.7,14.3
2013-02-12,113.7,-11.6,-1.3,1025.9,40.2
2013-02-13,306.9,-6.5,-2.3,1021.8,26.4
2013-02-14,85.3,-17.0,0.4,1026.3,70.2
2013-02-15,39.8,-15.2,-2.1,1028.1,41.6
2013-02-16,136.8,-8.0,-1.6,1022.3,45.2
2013-02-17,134.5,-11.6,1.0,1020.4,51.4
2013-02-18,22.8,-16.8,-0.3,1027.2,27.7
2013-02-19,30.1,-19.9,-3.1,1029.6,45.6
2013-02-20,83.3,-14.2,-2.0,1027.4,45.6
2013-02-21,201.9,-6.2,-2.0,1028.2,18.8
2013-02-22,95.3,-16.7,0.8,1029.5,45.6
2013-02-23,135.2,-13.8,0.6,1027.6,11.6
2013-02-24,340.6,-7.5,0.5,1026.1,5.4
2013-02-25,163.0,-3.7,-0.4,1027.2,21.9
2013-02-26,205.6,-4.8,1.4,1020.2,53.2
2013-02-27,247.7,-8.7,5.0,1016.8,18.3
2013-02-28,236.0,-9.6,4.1,1014.5,135.0
2013-03-01,10.5,-23.2,0.8,1032.4,232.4
2013-03-02,42.7,-16.9,-0.0,1032.9,20.1
2013-03-03,104.7,-13.3,4.0,1020.5,17.0
2013-03-04,24.6,-15.1,8.7,1023.2,31.3
2013-03-05,174.2,-8.5,5.8,1016.7,36.2
2013-03-06,228.7,-5.2,6.1,1013.0,42.5
2013-03-07,309.8,-2.5,7.4,1008.1,8.9
2013-03-08,237.3,-2.1,8.6,1005.2,59.0
2013-03-09,67.6,-12.5,6.8,1009.0,148.8
2013-03-10,39.2,-15.7,4.8,1026.4,60.4
2013-03-11,125.2,-7.2,5.7,1020.0,65.3
2013-03-12,149.2,1.2,4.8,1014.2,47.8
2013-03-13,21.9,-12.4,3.5,1028.2,23.7
2013-03-14,108.0,-4.3,3.1,1027.6,30.4
2013-03-15,248.2,-1.4,4.8,1020.4,4.5
2013-03-16,274.0,-0.1,8.4,1022.5,35.3
2013-03-17,339.0,2.1,8.4,1008.2,13.4
2013-03-18,72.2,-11.5,7.9,1006.6,85.8
2013-03-19,54.3,-1.3,1.9,1014.1,56.3
2013-03-20,63.1,-4.1,1.2,1023.1,32.2
2013-03-21,153.8,-2.5,3.8,1011.0,51.4
2013-03-22,71.0,-7.0,5.9,1017.2,64.8
2013-03-23,57.0,-6.9,4.1,1014.2,101.0
2013-03-24,20.8,-15.2,4.4,1022.0,26.4
2013-03-25,112.5,-7.2,4.8,1021.2,22.4
2013-03-26,195.3,-2.2,7.1,1013.5,37.6
2013-03-27,97.4,-4.7,10.8,1010.2,56.8
2013-03-28,33.2,-14.9,8.0,1020.9,32.2
2013-03-29,98.0,-6.2,5.4,1021.8,20.6
2013-03-30,92.6,-4.1,5.5,1022.4,51.4
2013-03-31,194.8,2.1,5.1,1019.2,91.2
2013-04-01,105.6,-3.6,10.3,1016.7,31.7
2013-04-02,111.0,-4.7,9.6,1017.4,43.4
2013-04-03,127.6,-1.6,10.9,1012.0,66.6
2013-04-04,79.8,-1.1,8.3,1014.5,83.2
2013-04-05,66.2,-0.9,8.5,1018.0,111.8
2013-04-06,14.0,-9.4,7.8,1016.9,27.7
2013-04-07,79.2,-2.3,8.8,1007.9,106.0
2013-04-08,21.0,-13.5,9.5,1012.1,212.3
2013-04-09,11.5,-12.0,8.8,1019.4,321.4
2013-04-10,12.0,-12.1,8.8,1019.3,207.9
2013-04-11,18.4,-13.5,10.5,1018.2,329.9
2013-04-12,50.6,-6.2,13.6,1012.6,22.8
2013-04-13,61.4,-1.5,16.3,1004.1,88.5
2013-04-14,28.7,-10.4,11.8,1010.2,49.2
2013-04-15,68.8,-0.6,12.4,1003.2,59.0
2013-04-16,61.0,-1.0,13.9,1006.3,62.1
2013-04-17,47.9,-2.7,11.3,1011.4,59.0
2013-04-18,11.7,-15.3,10.5,1022.4,39.8
2013-04-19,53.5,-2.1,7.0,1024.2,48.7
2013-04-20,77.0,-0.6,9.2,1020.9,57.2
2013-04-21,130.9,2.3,11.7,1018.2,63.0
2013-04-22,169.6,5.7,12.1,1014.2,76.0
2013-04-23,203.3,7.3,11.8,1011.2,31.7
2013-04-24,88.0,0.3,15.1,1010.4,59.4
2013-04-25,13.5,-9.2,16.8,1012.7,173.9
2013-04-26,74.5,-1.5,16.5,1010.0,45.6
2013-04-27,70.3,1.2,17.7,1010.3,56.3
2013-04-28,75.5,3.0,15.9,1010.0,63.0
2013-04-29,27.1,-9.2,21.2,1011.6,106.4
2013-04-30,23.2,-9.8,20.7,1013.6,110.4
2013-05-01,44.3,-0.8,17.2,1015.0,35.8
2013-05-02,83.4,3.6,18.3,1012.0,57.7
2013-05-03,63.0,6.9,17.2,1016.3,58.6
2013-05-04,85.9,5.7,18.9,1016.3,59.4
2013-05-05,178.8,11.0,20.4,1015.9,64.8
2013-05-06,219.4,12.8,22.7,1014.0,29.5
2013-05-07,177.5,13.2,22.8,1014.7,44.7
2013-05-08,130.7,11.0,20.6,1013.7,53.2
2013-05-09,48.4,11.6,17.5,1009.7,48.3
2013-05-10,49.8,2.7,21.4,1001.3,27.3
2013-05-11,54.1,-1.2,22.8,995.0,57.2
2013-05-12,48.5,-4.8,21.9,999.5,26.4
2013-05-13,95.0,6.2,20.3,1002.0,24.6
2013-05-14,71.0,1.2,24.5,1007.4,68.8
2013-05-15,68.6,6.4,21.8,1015.6,36.7
2013-05-16,67.7,9.2,20.8,1016.6,44.7
2013-05-17,106.1,12.2,20.3,1011.7,46.5
2013-05-18,88.9,13.7,20.6,1006.2,77.8
2013-05-19,54.9,2.2,20.3,1000.4,105.0
2013-05-20,46.6,-2.8,21.6,1000.5,87.6
2013-05-21,102.0,9.2,22.9,998.8,102.8
2013-05-22,63.8,7.3,22.9,1009.9,52.7
2013-05-23,81.8,10.2,22.4,1009.9,53.6
2013-05-24,120.9,14.2,23.2,1011.3,25.9
2013-05-25,61.7,12.8,24.1,1010.3,38.4
2013-05-26,105.1,16.9,20.8,1008.4,44.2
2013-05-27,74.7,15.5,19.8,1007.5,46.0
2013-05-28,84.5,15.8,20.6,1005.0,25.9
2013-05-29,21.5,-1.0,25.5,1008.5,135.4
2013-05-30,58.9,5.5,25.9,1005.8,84.9
2013-05-31,89.4,13.1,25.2,1002.3,102.4
2013-06-01,75.2,7.5,25.0,1005.9,17.9
2013-06-02,151.7,15.6,22.0,1004.8,49.2
2013-06-03,131.2,12.1,25.9,1004.5,13.4
2013-06-04,133.6,16.0,21.0,1011.3,42.9
2013-06-05,142.8,17.4,18.8,1011.9,21.5
2013-06-06,155.0,18.1,19.2,1010.2,14.8
2013-06-07,137.5,18.8,20.6,1008.1,17.9
2013-06-08,173.4,18.8,20.5,1007.4,9.8
2013-06-09,62.5,16.9,18.6,1010.0,69.7
2013-06-10,31.9,14.7,20.4,1012.3,20.6
2013-06-11,62.7,15.0,21.1,1008.0,25.5
2013-06-12,65.0,14.0,21.2,1007.6,39.8
2013-06-13,108.0,15.2,24.0,1007.9,41.6
2013-06-14,107.2,13.0,25.8,1007.8,94.8
2013-06-15,123.8,15.1,25.2,1006.8,97.9
2013-06-16,173.8,18.5,22.6,1003.4,22.4
2013-06-17,40.6,16.2,25.7,1001.4,29.0
2013-06-18,52.2,16.0,28.0,997.4,48.3
2013-06-19,52.4,14.3,29.1,1002.1,9.8
2013-06-20,90.2,16.8,27.4,1006.5,14.8
2013-06-21,80.1,16.8,26.5,1008.9,54.5
2013-06-22,59.2,18.3,21.8,1008.2,59.9
2013-06-23,67.5,16.9,25.6,1003.5,30.4
2013-06-24,110.5,19.8,24.9,1002.0,41.6
2013-06-25,122.2,20.3,22.3,1000.2,9.4
2013-06-26,153.3,21.0,25.7,996.9,47.4
2013-06-27,96.6,18.2,27.8,997.7,14.3
2013-06-28,301.1,21.8,25.4,1000.7,46.5
2013-06-29,97.7,20.9,23.1,1003.8,6.3
2013-06-30,181.7,22.4,25.2,1003.4,28.6
2013-07-01,148.0,22.4,24.9,998.9,5.4
2013-07-02,18.2,17.3,28.7,994.8,88.5
2013-07-03,31.0,18.4,30.1,995.1,35.3
2013-07-04,28.8,18.2,28.2,994.0,25.0
2013-07-05,22.8,16.8,29.1,997.6,34.0
2013-07-06,61.1,19.3,29.6,1000.4,55.4
2013-07-07,84.8,22.3,27.4,1000.0,38.0
2013-07-08,94.0,22.8,25.0,1001.9,16.1
2013-07-09,87.9,22.8,24.3,1003.0,6.3
2013-07-10,37.1,21.2,23.8,1004.7,41.6
2013-07-11,40.0,20.2,25.1,1005.5,63.9
2013-07-12,70.3,21.7,26.5,1005.4,31.3
2013-07-13,108.8,22.2,27.4,1006.5,38.4
2013-07-14,88.2,21.3,26.6,1007.2,61.3
2013-07-15,63.4,23.0,24.2,999.1,45.2
2013-07-16,27.4,17.2,27.4,999.3,44.2
2013-07-17,48.5,18.4,26.7,1004.8,40.7
2013-07-18,134.1,22.1,25.5,1004.3,53.2
2013-07-19,122.5,21.2,26.5,1001.9,21.9
2013-07-20,99.0,18.6,28.1,1003.5,4.9
2013-07-21,72.9,20.9,27.4,1004.5,22.3
2013-07-22,100.1,19.9,26.6,1003.8,29.9
2013-07-23,43.8,17.8,27.3,999.8,36.7
2013-07-24,40.8,16.5,29.7,999.2,44.2
2013-07-25,33.1,16.8,29.7,1001.0,38.9
2013-07-26,54.0,19.2,25.9,1002.9,50.5
2013-07-27,107.4,22.2,24.6,1000.4,4.5
2013-07-28,64.0,19.0,30.0,999.6,17.9
2013-07-29,66.3,22.1,28.5,999.6,13.9
2013-07-30,101.1,21.7,28.6,997.2,27.7
2013-07-31,45.8,20.0,26.3,999.5,23.2
2013-08-01,44.9,19.8,23.2,1003.1,6.7
2013-08-02,71.0,19.8,25.8,1005.2,9.8
2013-08-03,32.9,17.2,27.6,1003.2,39.8
2013-08-04,84.2,21.0,27.0,999.7,42.9
2013-08-05,44.4,19.3,26.0,997.9,17.4
2013-08-06,121.5,23.8,28.4,999.0,23.2
2013-08-07,36.8,20.5,25.8,1002.0,51.8
2013-08-08,31.9,19.0,28.1,999.7,55.4
2013-08-09,36.0,18.3,28.6,1000.5,34.0
2013-08-10,88.3,22.2,28.8,1004.2,18.8
2013-08-11,123.0,23.6,27.5,1005.6,22.4
2013-08-12,53.2,21.8,26.6,1004.6,66.2
2013-08-13,79.4,22.2,28.1,1004.3,21.9
2013-08-14,62.1,22.2,28.3,1003.7,41.6
2013-08-15,100.9,24.2,29.4,1002.3,50.5
2013-08-16,107.7,24.8,28.2,997.3,42.5
2013-08-17,44.7,14.8,31.0,1000.6,116.7
2013-08-18,15.8,14.4,28.1,1007.6,8.0
2013-08-19,25.1,14.5,27.2,1009.8,20.1
2013-08-20,92.1,20.4,25.5,1008.8,13.4
2013-08-21,100.7,19.8,26.0,1007.5,32.6
2013-08-22,121.0,19.7,23.7,1008.5,35.3
2013-08-23,61.1,16.2,27.0,1008.7,32.6
2013-08-24,38.3,14.5,26.5,1008.8,24.2
2013-08-25,44.6,15.4,27.1,1006.2,36.2
2013-08-26,53.9,16.2,27.0,1005.4,49.6
2013-08-27,54.8,18.5,24.2,1007.2,86.3
2013-08-28,72.4,19.6,23.1,999.8,55.9
2013-08-29,36.6,11.0,24.8,1002.1,149.8
2013-08-30,15.8,8.5,22.8,1011.5,40.7
2013-08-31,23.8,9.1,22.5,1011.5,15.6
2013-09-01,48.5,12.6,22.8,1013.1,13.0
2013-09-02,59.9,13.8,22.1,1015.4,17.4
2013-09-03,99.6,16.0,22.5,1015.9,19.2
2013-09-04,83.1,16.8,20.5,1015.8,23.7
2013-09-05,24.6,14.0,20.7,1014.1,34.4
2013-09-06,77.4,14.5,21.0,1015.8,23.7
2013-09-07,82.1,12.9,22.0,1016.4,13.4
2013-09-08,111.7,15.6,21.3,1016.1,5.4
2013-09-09,85.4,15.8,21.3,1012.7,35.3
2013-09-10,66.5,10.8,22.9,1011.9,42.0
2013-09-11,72.6,12.8,21.5,1014.1,38.0
2013-09-12,153.3,15.6,22.1,1011.5,46.1
2013-09-13,103.8,16.9,19.8,1006.1,29.1
2013-09-14,72.8,12.0,23.2,1008.0,25.9
2013-09-15,24.8,5.5,20.4,1013.4,15.2
2013-09-16,57.1,12.8,20.4,1011.5,20.6
2013-09-17,103.5,16.6,20.0,1014.5,6.7
2013-09-18,115.8,17.8,21.4,1018.5,9.8
2013-09-19,122.1,17.5,21.8,1013.1,17.4
2013-09-20,67.8,13.2,22.0,1015.0,24.6
2013-09-21,53.6,13.3,22.8,1015.1,38.0
2013-09-22,90.5,15.6,20.2,1014.9,4.9
2013-09-23,44.3,9.2,16.2,1017.9,84.9
2013-09-24,15.4,2.4,14.4,1021.7,38.9
2013-09-25,16.7,-1.8,16.5,1020.2,30.4
2013-09-26,53.9,5.5,15.8,1016.7,13.9
2013-09-27,192.7,9.2,16.1,1011.4,21.0
2013-09-28,243.6,10.0,15.9,1011.0,11.6
2013-09-29,229.9,12.8,17.2,1017.1,38.9
2013-09-30,149.3,14.4,19.0,1018.4,26.8
2013-10-01,77.2,13.4,18.1,1016.8,13.9
2013-10-02,19.2,3.6,16.4,1020.7,28.6
2013-10-03,61.2,7.8,14.9,1017.9,24.1
2013-10-04,153.5,11.1,16.2,1014.0,14.3
2013-10-05,307.7,11.9,16.9,1019.1,16.1
2013-10-06,219.8,12.9,16.0,1022.2,4.9
2013-10-07,96.5,7.8,18.2,1022.2,24.2
2013-10-08,62.4,8.3,16.8,1019.6,24.1
2013-10-09,141.9,10.1,14.7,1010.9,8.9
2013-10-10,89.3,4.0,16.9,1010.5,114.4
2013-10-11,56.0,2.8,14.8,1015.1,9.8
2013-10-12,70.6,6.0,15.5,1017.8,27.7
2013-10-13,57.8,8.3,15.1,1018.5,10.7
2013-10-14,40.3,0.2,12.2,1026.0,64.4
2013-10-15,21.6,-6.9,9.3,1030.3,13.9
2013-10-16,59.6,-3.0,10.8,1025.3,25.5
2013-10-17,160.8,2.2,10.5,1026.0,30.0
2013-10-18,245.7,4.4,11.0,1024.7,12.5
2013-10-19,78.1,-1.3,14.2,1025.1,124.3
2013-10-20,28.5,-2.8,12.7,1024.7,13.4
2013-10-21,96.8,1.5,10.8,1022.9,17.0
2013-10-22,151.1,4.3,10.8,1021.8,25.9
2013-10-23,28.3,-7.3,10.0,1022.2,70.6
2013-10-24,22.7,-7.6,10.5,1026.6,78.7
2013-10-25,46.7,-3.7,11.5,1026.9,130.5
2013-10-26,66.6,-2.9,9.3,1022.4,42.9
2013-10-27,220.5,1.8,8.3,1017.6,7.6
2013-10-28,316.0,3.5,10.2,1019.4,33.1
2013-10-29,42.5,-2.4,9.7,1027.5,16.1
2013-10-30,94.6,-0.9,7.3,1027.8,11.6
2013-10-31,162.8,0.6,7.8,1027.2,23.2
2013-11-01,220.2,2.6,8.0,1026.1,15.6
2013-11-02,281.0,4.0,8.3,1022.2,20.6
2013-11-03,61.0,-3.8,12.7,1024.0,87.6
2013-11-04,47.0,-3.6,9.6,1027.8,16.1
2013-11-05,197.7,0.4,8.7,1020.7,5.4
2013-11-06,125.6,-7.5,9.8,1017.4,116.2
2013-11-07,38.1,-10.2,8.7,1020.8,146.2
2013-11-08,162.1,-2.9,6.4,1020.4,4.5
2013-11-09,104.0,-5.5,9.7,1023.6,63.5
2013-11-10,19.1,-25.9,5.1,1029.2,210.1
2013-11-11,37.9,-12.3,5.8,1028.0,27.3
2013-11-12,63.6,-7.4,6.6,1024.8,15.6
2013-11-13,191.0,-1.8,5.0,1021.2,4.9
2013-11-14,73.2,-9.7,8.4,1018.6,59.9
2013-11-15,113.0,-8.4,6.6,1017.0,22.8
2013-11-16,55.6,-11.8,8.2,1018.8,194.4
2013-11-17,13.7,-15.5,4.8,1024.4,196.2
2013-11-18,11.5,-18.1,4.8,1026.7,263.3
2013-11-19,38.0,-16.6,2.6,1025.0,25.5
2013-11-20,75.2,-11.2,3.5,1023.3,31.7
2013-11-21,128.6,-8.8,4.0,1025.8,9.8
2013-11-22,167.9,-8.1,4.5,1024.3,28.2
2013-11-23,228.4,-6.9,5.8,1020.0,14.3
2013-11-24,102.9,-10.0,6.3,1015.4,43.4
2013-11-25,21.9,-16.9,4.5,1017.3,177.9
2013-11-26,28.7,-19.6,0.9,1018.9,102.4
2013-11-27,7.5,-27.2,-2.2,1026.9,318.7
2013-11-28,25.5,-26.0,1.7,1026.2,480.5
2013-11-29,57.4,-15.7,4.9,1020.0,490.4
2013-11-30,37.6,-15.4,3.9,1022.7,30.8
2013-12-01,79.2,-14.0,2.9,1023.1,15.2
2013-12-02,133.6,-12.3,2.2,1018.9,11.6
2013-12-03,92.5,-12.9,6.5,1021.6,28.2
2013-12-04,116.2,-10.3,4.5,1019.7,16.1
2013-12-05,49.2,-13.7,4.9,1023.6,10.3
2013-12-06,154.7,-9.7,1.4,1019.6,5.8
2013-12-07,343.9,-5.4,0.2,1019.9,8.5
2013-12-08,232.2,-7.2,5.1,1020.5,88.1
2013-12-09,17.3,-16.7,2.1,1023.9,225.3
2013-12-10,29.5,-16.6,0.0,1019.7,132.3
2013-12-11,28.7,-19.5,1.5,1019.4,164.5
2013-12-12,23.2,-23.6,-2.9,1021.5,117.1
2013-12-13,68.6,-21.7,-3.8,1025.5,12.1
2013-12-14,63.7,-22.3,-2.9,1028.7,18.8
2013-12-15,50.2,-20.8,-0.9,1033.3,13.9
2013-12-16,181.8,-14.8,-3.0,1031.1,12.5
2013-12-17,89.9,-17.0,-1.0,1033.1,38.0
2013-12-18,50.1,-20.1,-4.8,1032.6,59.0
2013-12-19,41.6,-19.3,-5.4,1030.8,29.0
2013-12-20,41.7,-18.5,-3.8,1034.4,19.2
2013-12-21,81.7,-18.2,-2.6,1035.2,21.0
2013-12-22,178.0,-14.7,-4.7,1032.3,13.4
2013-12-23,149.8,-15.6,-2.4,1032.0,27.3
2013-12-24,315.9,-11.7,-4.5,1034.0,5.3
2013-12-25,180.7,-14.9,-2.2,1028.3,131.0
2013-12-26,14.6,-23.4,-1.8,1034.0,343.8
2013-12-27,31.9,-21.5,-2.3,1030.4,428.2
2013-12-28,20.6,-23.0,-1.2,1026.2,143.0
2013-12-29,53.6,-22.9,1.0,1019.2,32.2
2013-12-30,42.2,-22.5,4.2,1015.7,132.3
2013-12-31,51.8,-18.7,4.7,1012.3,137.7
2014-01-01,53.4,-17.2,6.6,1014.5,153.3
2014-01-02,162.6,-9.2,0.4,1018.3,9.4
2014-01-03,61.9,-13.4,2.8,1022.1,22.4
2014-01-04,150.4,-7.2,-2.0,1022.9,10.3
2014-01-05,104.1,-11.1,-0.9,1024.3,46.0
2014-01-06,150.9,-5.3,-0.9,1026.0,31.3
2014-01-07,121.3,-12.2,-0.1,1026.9,24.1
2014-01-08,19.2,-23.0,-3.4,1033.6,59.9
2014-01-09,32.4,-25.8,-4.4,1031.8,67.0
2014-01-10,79.8,-23.2,-4.8,1030.8,13.4
2014-01-11,156.7,-20.8,-3.8,1030.3,14.3
2014-01-12,26.6,-23.9,-1.9,1035.7,42.9
2014-01-13,119.8,-19.5,-5.5,1031.8,5.4
2014-01-14,124.8,-18.3,-3.8,1033.9,15.6
2014-01-15,191.8,-17.1,-2.8,1031.1,13.9
2014-01-16,457.5,-8.5,-0.9,1027.9,13.9
2014-01-17,167.5,-13.7,0.5,1031.3,49.6
2014-01-18,71.2,-17.5,0.5,1032.7,73.3
2014-01-19,131.2,-10.5,0.0,1024.8,46.0
2014-01-20,10.5,-22.1,0.0,1029.6,284.7
2014-01-21,42.4,-21.8,-1.2,1032.0,328.6
2014-01-22,154.0,-18.4,-3.1,1023.6,14.3
2014-01-23,289.4,-14.0,-3.1,1016.8,4.5
2014-01-24,162.7,-17.0,2.5,1017.3,29.0
2014-01-25,34.2,-19.1,1.8,1027.0,35.3
2014-01-26,55.7,-10.6,-1.0,1029.1,44.7
2014-01-27,100.8,-14.3,0.5,1019.1,44.3
2014-01-28,43.9,-16.1,-0.0,1027.8,54.5
2014-01-29,142.9,-8.8,-2.5,1014.9,56.3
2014-01-30,75.2,-17.7,2.0,1017.8,36.7
2014-01-31,164.3,-6.6,0.3,1019.3,46.5
2014-02-01,156.8,-3.6,2.7,1016.0,28.2
2014-02-02,74.4,-16.0,4.4,1015.0,104.2
2014-02-03,7.4,-33.3,-1.2,1026.9,126.1
2014-02-04,25.8,-31.7,-3.0,1029.6,81.8
2014-02-05,102.4,-18.2,-3.9,1028.7,16.1
2014-02-06,145.2,-13.0,-2.4,1029.9,7.6
2014-02-07,102.2,-7.2,-3.4,1027.3,63.1
2014-02-08,60.0,-11.9,-3.0,1027.8,72.0
2014-02-09,13.4,-21.4,-5.9,1036.5,119.4
2014-02-10,23.9,-19.8,-6.3,1035.0,45.6
2014-02-11,124.8,-15.5,-6.0,1028.3,15.6
2014-02-12,143.6,-16.5,-2.7,1032.3,24.6
2014-02-13,211.2,-10.6,-2.2,1034.8,78.2
2014-02-14,286.5,-9.0,-3.1,1026.5,7.2
2014-02-15,372.0,-8.0,-1.8,1024.4,10.7
2014-02-16,273.9,-9.6,0.8,1029.1,31.3
2014-02-17,80.8,-13.5,0.9,1034.8,45.2
2014-02-18,67.1,-11.9,-1.3,1032.2,51.0
2014-02-19,78.4,-13.1,-0.5,1028.7,26.8
2014-02-20,260.2,-6.0,-1.7,1030.3,36.2
2014-02-21,331.1,-6.3,-0.9,1028.3,8.5
2014-02-22,339.6,-4.7,2.7,1029.8,21.0
2014-02-23,293.3,-5.6,1.8,1030.8,19.7
2014-02-24,351.6,-5.0,3.5,1027.4,8.0
2014-02-25,442.7,-4.3,2.5,1026.0,10.3
2014-02-26,407.7,-1.2,4.7,1022.8,19.7
2014-02-27,19.9,-16.4,4.5,1028.6,84.0
2014-02-28,97.4,-7.5,1.4,1026.6,13.9
2014-03-01,84.9,-15.4,5.1,1023.3,42.9
2014-03-02,154.6,-8.2,3.9,1022.5,32.2
2014-03-03,245.2,-5.9,1.0,1022.0,23.7
2014-03-04,59.8,-19.2,4.1,1026.1,105.5
2014-03-05,25.0,-21.4,2.3,1028.2,119.4
2014-03-06,18.1,-26.6,2.8,1029.8,30.0
2014-03-07,59.7,-18.7,2.5,1029.4,31.7
2014-03-08,174.8,-7.5,3.8,1023.4,17.9
2014-03-09,123.0,-9.8,3.3,1026.0,38.9
2014-03-10,101.5,-7.3,2.8,1023.9,51.0
2014-03-11,204.7,-6.4,6.8,1017.7,34.4
2014-03-12,18.1,-19.1,7.1,1025.3,33.5
2014-03-13,22.8,-21.1,6.6,1021.7,34.4
2014-03-14,22.9,-21.3,11.1,1018.0,72.9
2014-03-15,109.0,-10.5,11.0,1010.8,48.7
2014-03-16,124.6,-9.0,11.6,1014.9,37.5
2014-03-17,91.1,-7.7,12.8,1012.0,119.8
2014-03-18,40.0,-9.7,11.7,1021.9,129.6
2014-03-19,59.7,-7.8,8.8,1022.5,76.9
2014-03-20,10.3,-16.0,11.8,1026.2,90.7
2014-03-21,25.7,-15.0,14.8,1020.0,41.1
2014-03-22,65.0,-13.9,14.6,1017.5,42.9
2014-03-23,152.5,-4.9,12.5,1023.3,46.5
2014-03-24,243.9,0.2,12.9,1013.9,18.8
2014-03-25,228.4,1.2,14.7,1010.1,17.0
2014-03-26,306.4,6.1,15.5,1010.1,16.5
2014-03-27,270.8,4.5,13.4,1011.3,25.0
2014-03-28,148.2,6.1,15.9,1007.8,23.2
2014-03-29,45.5,1.0,16.3,1012.7,19.7
2014-03-30,34.2,-4.9,18.0,1015.0,25.0
2014-03-31,151.3,2.9,17.2,1015.2,46.9
2014-04-01,133.0,2.0,16.0,1012.1,28.6
2014-04-02,106.8,1.1,16.3,1014.5,40.7
2014-04-03,24.4,-17.4,14.0,1023.2,58.1
2014-04-04,32.5,-10.1,13.9,1014.9,28.2
2014-04-05,25.5,-11.0,13.3,1021.9,27.3
2014-04-06,57.9,-8.5,15.6,1017.4,64.8
2014-04-07,95.3,-1.2,16.5,1013.1,17.9
2014-04-08,169.3,2.6,17.4,1013.2,38.0
2014-04-09,145.4,0.2,21.2,1010.8,53.6
2014-04-10,91.2,-2.3,15.6,1021.6,32.6
2014-04-11,60.3,-3.3,14.5,1019.0,18.8
2014-04-12,117.9,-2.4,14.8,1015.9,22.3
2014-04-13,157.7,3.3,16.2,1016.9,41.6
2014-04-14,247.2,8.2,18.5,1015.9,45.1
2014-04-15,67.4,3.0,18.1,1018.5,64.8
2014-04-16,65.1,-3.4,16.6,1014.0,8.9
2014-04-17,117.7,6.5,14.4,1012.6,17.0
2014-04-18,145.6,9.6,16.0,1019.1,44.7
2014-04-19,63.5,3.5,12.6,1020.8,50.5
2014-04-20,69.0,2.5,14.8,1016.3,29.9
2014-04-21,50.9,0.3,17.6,1015.7,34.9
2014-04-22,77.4,2.6,19.1,1013.2,48.3
2014-04-23,120.8,11.0,20.0,1010.2,126.5
2014-04-24,111.3,11.5,19.8,1014.0,38.9
2014-04-25,125.7,9.0,19.5,1016.5,48.3
2014-04-26,39.2,7.0,15.9,1020.0,53.2
2014-04-27,66.8,5.5,17.7,1020.2,28.2
2014-04-28,67.8,5.0,18.6,1018.8,31.3
2014-04-29,104.8,5.6,19.7,1013.1,36.7
2014-04-30,112.2,9.6,21.1,1008.8,45.1
2014-05-01,123.5,10.7,20.6,1007.8,68.4
2014-05-02,38.0,-2.2,17.1,1015.5,232.0
2014-05-03,80.7,-0.1,16.1,1012.6,109.5
2014-05-04,46.8,-9.6,14.2,1017.4,310.2
2014-05-05,47.0,-5.9,13.9,1017.1,28.6
2014-05-06,98.8,3.7,15.8,1008.5,12.1
2014-05-07,91.1,1.6,18.9,1006.1,72.4
2014-05-08,87.8,7.4,17.4,1014.0,51.8
2014-05-09,68.8,5.5,17.7,1014.7,68.0
2014-05-10,54.9,5.8,17.2,1015.9,71.1
2014-05-11,30.8,9.6,12.0,1006.7,34.0
2014-05-12,47.2,9.0,20.9,1000.3,70.6
2014-05-13,59.1,5.7,22.5,999.9,81.8
2014-05-14,23.0,-1.4,19.4,1005.0,223.5
2014-05-15,78.7,3.8,20.4,1000.2,45.1
2014-05-16,80.3,4.3,23.2,1006.6,25.9
2014-05-17,69.4,6.0,22.1,1012.3,52.3
2014-05-18,100.2,9.6,23.5,1008.3,57.7
2014-05-19,109.8,15.5,22.5,1004.5,53.2
2014-05-20,89.0,10.8,24.9,1004.0,32.6
2014-05-21,100.3,13.6,24.1,1005.3,31.8
2014-05-22,139.5,13.7,27.0,1006.1,64.4
2014-05-23,79.6,13.1,28.0,1009.6,77.3
2014-05-24,90.0,17.5,20.8,1007.9,29.5
2014-05-25,74.8,8.0,22.9,1006.4,114.9
2014-05-26,20.0,3.9,26.4,999.2,55.9
2014-05-27,30.5,4.8,26.6,995.9,136.8
2014-05-28,30.1,7.2,28.2,1000.3,72.4
2014-05-29,45.4,10.5,30.2,997.8,73.3
2014-05-30,91.2,13.0,28.7,1005.5,55.9
2014-05-31,115.3,15.2,27.0,1007.2,57.6
2014-06-01,51.9,16.6,24.0,1008.3,31.8
2014-06-02,33.3,12.6,22.5,1011.3,13.4
2014-06-03,41.9,12.8,25.5,1007.6,38.0
2014-06-04,63.0,14.6,25.7,1006.0,39.8
2014-06-05,67.9,15.2,27.9,1004.2,20.1
2014-06-06,55.3,16.6,21.3,1004.5,32.2
2014-06-07,12.5,11.0,22.6,1003.9,54.6
2014-06-08,36.2,13.8,21.0,1002.1,13.0
2014-06-09,28.8,12.6,22.1,1004.5,17.4
2014-06-10,75.9,15.7,21.2,1008.6,12.1
2014-06-11,46.8,13.8,24.3,1009.6,13.0
2014-06-12,30.3,14.1,27.8,1006.0,13.9
2014-06-13,60.8,17.2,24.9,1007.3,15.2
2014-06-14,43.7,17.5,25.3,1006.3,21.0
2014-06-15,115.2,18.3,26.5,1004.2,22.8
2014-06-16,137.0,19.8,25.1,1002.0,17.4
2014-06-17,80.1,18.4,21.8,1002.3,22.8
2014-06-18,68.1,17.2,24.5,1002.6,30.4
2014-06-19,126.5,18.7,23.8,1004.4,49.2
2014-06-20,46.0,17.5,23.0,1007.0,18.3
2014-06-21,57.0,17.0,22.7,1008.5,23.7
2014-06-22,33.0,17.0,22.6,1008.7,12.1
2014-06-23,22.8,15.1,25.2,1007.7,38.4
2014-06-24,53.7,16.9,26.2,1004.2,37.5
2014-06-25,92.7,18.7,24.8,1003.1,53.2
2014-06-26,120.9,20.4,26.9,1002.8,61.7
2014-06-27,18.6,13.1,28.5,1006.1,20.1
2014-06-28,20.2,13.2,29.3,1005.2,52.7
2014-06-29,48.1,16.0,28.7,1005.7,34.9
2014-06-30,70.1,16.8,29.5,1005.5,43.8
2014-07-01,102.9,18.9,27.8,1004.3,57.2
2014-07-02,66.0,20.7,23.1,1003.1,10.3
2014-07-03,209.8,22.0,25.8,1001.0,18.3
2014-07-04,204.5,22.6,27.6,1004.3,27.7
2014-07-05,120.7,21.8,26.9,1006.6,21.5
2014-07-06,193.1,23.0,27.2,1004.9,80.9
2014-07-07,147.5,22.1,27.6,1002.8,86.3
2014-07-08,87.2,18.8,28.2,1001.9,10.7
2014-07-09,25.5,15.5,27.2,1003.9,22.8
2014-07-10,30.8,15.0,30.0,999.7,48.7
2014-07-11,30.9,15.4,29.2,999.6,49.6
2014-07-12,15.1,12.0,29.3,1002.2,45.1
2014-07-13,21.6,14.2,28.0,1002.1,16.1
2014-07-14,30.8,15.8,28.8,1002.0,20.6
2014-07-15,49.5,17.2,28.2,1003.5,56.8
2014-07-16,111.5,21.0,25.8,1003.5,26.4
2014-07-17,140.3,21.2,25.7,1005.7,19.2
2014-07-18,121.3,22.5,29.1,1006.7,20.6
2014-07-19,63.2,23.2,31.7,1007.9,35.8
2014-07-20,59.9,23.2,31.7,1004.8,72.9
2014-07-21,27.0,19.6,30.8,1001.8,89.0
2014-07-22,14.3,16.2,28.0,1006.1,28.2
2014-07-23,23.5,16.3,28.0,1003.8,26.4
2014-07-24,66.2,20.0,25.9,1005.2,13.4
2014-07-25,75.8,17.3,27.3,1005.7,37.1
2014-07-26,93.5,17.8,29.0,1007.8,43.8
2014-07-27,96.2,17.6,29.5,1007.9,58.6
2014-07-28,102.4,19.6,29.9,1003.9,68.4
2014-07-29,107.8,20.5,29.7,1002.9,161.8
2014-07-30,132.8,21.8,25.1,1005.2,166.7
2014-07-31,179.9,22.3,27.1,1006.8,42.0
2014-08-01,132.7,22.6,27.9,1006.2,47.4
2014-08-02,94.1,23.9,29.2,1003.1,13.9
2014-08-03,105.6,23.9,29.2,1000.9,13.0
2014-08-04,34.8,20.3,24.0,1004.1,33.5
2014-08-05,21.7,18.1,25.2,1006.5,21.5
2014-08-06,32.9,16.7,27.8,1007.1,22.8
2014-08-07,64.8,16.8,26.8,1008.9,31.3
2014-08-08,58.0,16.8,26.5,1008.4,44.7
2014-08-09,80.2,17.9,25.9,1005.9,53.2
2014-08-10,33.5,18.0,26.2,1002.9,22.4
2014-08-11,23.9,14.7,28.0,1004.1,27.7
2014-08-12,27.2,13.5,27.0,1005.6,9.4
2014-08-13,26.8,18.0,20.4,1008.2,8.0
2014-08-14,28.3,16.8,23.5,1007.5,36.7
2014-08-15,42.5,17.1,24.4,1006.4,13.9
2014-08-16,60.5,18.2,26.4,1007.5,14.3
2014-08-17,51.4,17.8,25.9,1009.8,25.9
2014-08-18,57.3,17.9,25.5,1011.6,40.2
2014-08-19,77.2,18.2,26.7,1011.0,42.9
2014-08-20,90.8,18.8,27.4,1008.5,49.6
2014-08-21,121.7,19.8,27.1,1006.9,52.3
2014-08-22,54.3,19.1,24.7,1007.4,9.8
2014-08-23,121.5,20.5,27.0,1005.0,16.1
2014-08-24,19.8,16.2,26.2,1006.8,17.9
2014-08-25,15.8,12.5,26.0,1010.8,23.2
2014-08-26,22.0,10.2,26.7,1012.7,20.6
2014-08-27,55.2,13.8,26.0,1013.0,22.8
2014-08-28,84.2,17.4,24.1,1014.1,8.9
2014-08-29,85.0,18.7,22.6,1015.3,4.0
2014-08-30,149.5,20.5,22.9,1014.6,5.4
2014-08-31,89.3,20.2,22.5,1013.0,13.9
2014-09-01,115.2,20.3,22.1,1012.7,12.5
2014-09-02,26.6,18.8,20.3,1010.5,5.4
2014-09-03,12.6,13.9,23.1,1009.2,26.4
2014-09-04,41.9,15.5,24.3,1004.9,30.0
2014-09-05,92.4,18.1,23.8,1009.2,42.0
2014-09-06,134.0,19.8,24.5,1010.8,34.0
2014-09-07,143.8,19.6,25.0,1007.6,43.8
2014-09-08,12.0,9.1,23.1,1009.9,20.1
2014-09-09,39.3,13.1,21.9,1009.9,24.6
2014-09-10,67.5,15.1,22.8,1013.6,30.4
2014-09-11,93.5,16.8,22.0,1013.8,8.0
2014-09-12,71.0,17.5,21.4,1014.6,15.7
2014-09-13,63.6,15.7,22.2,1014.3,42.9
2014-09-14,45.9,11.3,19.9,1017.0,24.1
2014-09-15,18.6,5.5,20.5,1018.2,25.0
2014-09-16,46.2,10.4,17.4,1018.2,11.6
2014-09-17,36.7,11.5,18.1,1020.2,15.2
2014-09-18,68.8,10.2,19.5,1019.2,23.3
2014-09-19,95.7,13.8,18.5,1012.3,25.9
2014-09-20,135.2,16.5,21.1,1010.0,5.4
2014-09-21,96.1,15.1,21.2,1016.8,30.0
2014-09-22,106.9,17.0,20.2,1018.3,33.1
2014-09-23,67.3,17.1,18.0,1017.3,21.9
2014-09-24,31.0,15.6,20.0,1016.1,15.6
2014-09-25,123.4,16.4,18.4,1016.3,9.8
2014-09-26,137.8,16.4,18.9,1011.3,24.2
2014-09-27,37.3,11.2,18.5,1015.9,10.3
2014-09-28,67.0,14.0,18.0,1016.1,23.2
2014-09-29,54.4,8.7,17.8,1019.0,32.2
2014-09-30,26.1,2.3,12.5,1026.0,33.1
2014-10-01,82.5,8.6,11.7,1016.4,17.9
2014-10-02,65.8,11.3,14.9,1013.0,21.9
2014-10-03,128.0,12.5,15.0,1017.4,7.2
2014-10-04,86.7,13.4,14.6,1019.0,27.3
2014-10-05,35.5,7.0,15.1,1024.3,39.8
2014-10-06,33.8,4.2,13.3,1024.3,19.7
2014-10-07,143.8,8.7,13.5,1019.8,5.8
2014-10-08,305.2,12.0,14.8,1019.0,5.8
2014-10-09,376.3,13.5,16.0,1019.5,3.1
2014-10-10,325.4,14.0,16.7,1021.8,11.6
2014-10-11,197.6,12.5,17.0,1021.9,49.6
2014-10-12,6.8,0.6,14.8,1030.4,64.4
2014-10-13,14.4,-3.5,9.8,1027.1,53.7
2014-10-14,48.5,1.0,12.2,1019.2,30.4
2014-10-15,53.2,-1.5,13.8,1015.4,103.2
2014-10-16,40.8,-1.3,12.2,1020.8,55.4
2014-10-17,112.3,4.5,13.2,1016.0,14.3
2014-10-18,203.5,8.3,14.8,1016.4,8.5
2014-10-19,284.2,12.0,16.3,1014.3,21.9
2014-10-20,213.7,12.4,14.8,1018.2,20.1
2014-10-21,45.2,0.6,11.9,1024.5,42.5
2014-10-22,92.1,4.8,10.1,1022.4,13.4
2014-10-23,143.0,7.9,12.5,1015.1,5.4
2014-10-24,261.4,9.8,12.2,1011.3,18.8
2014-10-25,366.4,11.4,13.4,1011.4,13.9
2014-10-26,87.5,-4.8,13.8,1023.9,72.4
2014-10-27,31.3,-7.7,9.9,1031.6,35.8
2014-10-28,67.5,2.1,9.1,1027.1,11.2
2014-10-29,130.5,5.3,10.7,1024.0,10.7
2014-10-30,190.3,7.2,12.2,1022.6,3.6
2014-10-31,186.8,9.5,13.1,1020.5,9.0
2014-11-01,50.3,-0.6,11.7,1019.3,88.5
2014-11-02,7.7,-10.0,10.8,1022.9,240.5
2014-11-03,25.4,-4.1,9.6,1020.1,18.8
2014-11-04,124.3,0.5,7.0,1015.6,12.5
2014-11-05,79.9,-3.7,11.1,1017.7,51.0
2014-11-06,13.8,-8.7,7.1,1029.6,59.9
2014-11-07,52.9,-4.1,4.7,1031.7,5.3
2014-11-08,78.3,-2.0,4.8,1027.8,17.4
2014-11-09,65.0,-3.9,6.1,1025.4,24.6
2014-11-10,79.7,-3.7,7.0,1021.5,16.1
2014-11-11,49.3,-5.9,8.6,1018.6,133.7
2014-11-12,6.4,-17.8,5.5,1025.3,313.8
2014-11-13,25.7,-12.2,5.7,1025.0,44.3
2014-11-14,42.2,-10.2,4.7,1026.4,21.0
2014-11-15,168.2,-5.4,4.1,1027.7,12.1
2014-11-16,122.4,-4.9,6.2,1026.0,91.2
2014-11-17,23.8,-8.9,6.3,1030.6,120.7
2014-11-18,85.2,-6.8,4.2,1029.0,21.9
2014-11-19,319.9,-2.0,2.6,1023.0,3.6
2014-11-20,331.9,-0.5,2.8,1017.5,9.8
2014-11-21,78.1,-6.4,5.4,1020.6,20.6
2014-11-22,44.3,-8.9,5.1,1026.8,26.8
2014-11-23,128.0,0.2,3.7,1025.5,24.2
2014-11-24,96.1,-7.1,4.0,1026.8,23.7
2014-11-25,173.2,-1.6,3.2,1020.7,14.8
2014-11-26,302.2,-0.2,2.8,1016.4,9.0
2014-11-27,80.4,-12.7,5.5,1023.7,23.7
2014-11-28,95.4,-5.5,4.8,1020.8,27.7
2014-11-29,301.5,0.0,2.0,1020.7,28.6
2014-11-30,91.4,-12.9,3.5,1023.3,179.3
2014-12-01,15.0,-22.4,-3.5,1031.8,388.5
2014-12-02,51.8,-19.5,-5.0,1027.8,394.3
2014-12-03,25.4,-22.2,-2.8,1026.6,118.5
2014-12-04,9.2,-22.4,-2.0,1027.4,145.7
2014-12-05,38.8,-20.2,-2.8,1027.2,44.7
2014-12-06,70.5,-16.5,-2.0,1026.3,13.9
2014-12-07,55.2,-12.9,0.9,1026.8,80.0
2014-12-08,49.2,-13.3,-2.2,1033.9,83.2
2014-12-09,348.5,-8.6,-3.0,1033.8,8.5
2014-12-10,143.0,-12.0,-0.2,1028.0,116.2
2014-12-11,24.8,-17.0,0.0,1031.3,173.9
2014-12-12,13.7,-18.8,-0.8,1028.0,136.8
2014-12-13,46.6,-15.7,-2.9,1028.1,13.4
2014-12-14,100.8,-14.9,-1.6,1026.0,15.2
2014-12-15,88.8,-16.5,-0.8,1028.2,175.7
2014-12-16,11.1,-19.5,-3.3,1031.3,313.3
2014-12-17,97.7,-16.0,-2.9,1028.7,321.4
2014-12-18,169.2,-10.1,-3.4,1028.3,17.0
2014-12-19,77.7,-14.4,-0.3,1024.8,176.6
2014-12-20,10.3,-18.6,-2.0,1030.2,312.0
2014-12-21,18.5,-18.5,-1.7,1027.5,441.2
2014-12-22,95.2,-13.4,-0.8,1023.3,17.4
2014-12-23,101.9,-13.2,-0.2,1020.9,31.8
2014-12-24,14.1,-14.4,0.8,1031.5,70.6
2014-12-25,27.0,-13.1,0.5,1033.1,94.8
2014-12-26,170.2,-9.6,-2.8,1031.7,4.9
2014-12-27,238.7,-9.7,-1.8,1027.8,27.7
2014-12-28,197.4,-10.8,1.6,1020.0,38.0
2014-12-29,159.0,-12.3,0.8,1013.8,36.6
2014-12-30,46.1,-13.9,1.9,1019.1,38.9
2014-12-31,10.0,-21.8,-1.9,1032.1,249.8
