StudentID,HoTen,Lop,GioiTinh,StudyHours,SleepHours,PhutMangXH,SoLanNopTre,Score,Result
HS001,Tran Vy,10A2,Nam,0.6,5.1,126,0,3.4,Fail
HS002,Pham Vy,10A3,Nu,5.1,5.2,135,0,6.2,Pass
HS003,Dang Oanh,10A4,Nam,3.9,5.5,111,2,5.3,Pass
HS004,Dang Yen,10A5,Nam,1.8,6.5,132,2,3.6,Fail
HS005,Dang An,10A6,Nam,6.7,8.7,69,3,8.5,Pass
HS006,Ly Phuc,10A7,Nam,5.3,8.8,90,3,6.7,Pass
HS007,Ngo Quan,10A8,Nu,2.6,8.6,113,0,4.9,Fail
HS008,Hoang Ha,10A1,Nu,4.7,8.7,449,9,4.7,Fail
HS009,Tran Hieu,10A2,Nu,1.1,5.5,277,2,2.2,Fail
HS010,Pham Oanh,10A3,Nu,2.4,6.0,249,0,2.7,Fail
HS011,Duong Dung,10A4,Nam,3.1,4.7,136,3,4.2,Fail
HS012,Ngo Tuan,10A5,Nu,1.8,5.3,208,0,3.4,Fail
HS013,Bui Giang,10A6,Nu,6.1,9.4,38,3,8.0,Pass
HS014,Vu Linh,10A7,Nam,6.8,8.3,88,7,9.2,Pass
HS015,Ngo Bao,10A8,Nam,1.1,7.4,73,0,4.3,Fail
HS016,Ly Ha,10A1,Nu,6.5,8.9,139,3,6.3,Pass
HS017,Pham Nhi,10A2,Nu,4.1,7.1,115,0,5.1,Pass
HS018,Vu Tam,10A3,Nam,2.5,8.6,131,1,5.2,Pass
HS019,Tran Tam,10A4,Nu,6.6,8.0,65,3,7.9,Pass
HS020,Hoang Vy,10A5,Nam,1.8,5.7,202,4,3.2,Fail
HS021,Hoang Minh,10A6,Nam,6.5,5.8,114,1,7.4,Pass
HS022,Ly Khanh,10A7,Nam,3.3,8.0,148,1,5.3,Pass
HS023,Tran Linh,10A8,Nu,1.9,6.2,147,2,3.3,Fail
HS024,Tran Trang,10A1,Nam,6.3,6.8,54,1,7.0,Pass
HS025,Hoang Nam,10A2,Nam,2.4,6.9,159,0,4.3,Fail
HS026,Duong Vy,10A3,Nu,4.3,6.5,137,1,5.3,Pass
HS027,Bui Nam,10A4,Nu,6.0,7.9,100,4,7.3,Pass
HS028,Do Linh,10A5,Nu,3.9,8.8,114,2,6.4,Pass
HS029,Dang Hieu,10A6,Nu,0.8,7.4,235,3,2.7,Fail
HS030,Dang Giang,10A7,Nam,2.3,5.0,114,2,4.0,Fail
HS031,Do Giang,10A8,Nam,2.5,8.5,205,3,4.2,Fail
HS032,Duong An,10A1,Nu,0.7,8.5,129,1,3.5,Fail
HS033,Dang Oanh,10A2,Nu,2.0,9.5,116,5,4.6,Fail
HS034,Ly Son,10A3,Nu,1.8,5.6,355,1,3.3,Fail
HS035,Do Oanh,10A4,Nu,5.4,5.2,277,5,5.7,Pass
HS036,Hoang Nhi,10A5,Nam,2.1,5.8,182,3,3.9,Fail
HS037,Dang Oanh,10A6,Nu,1.3,6.4,182,6,3.8,Fail
HS038,Hoang Ha,10A7,Nam,4.4,8.6,108,2,6.3,Pass
HS039,Dang Khanh,10A8,Nam,5.4,5.0,124,2,6.0,Pass
HS040,Le Nhi,10A1,Nu,3.8,6.2,290,1,4.0,Fail
HS041,Do Binh,10A2,Nu,3.6,4.8,102,3,4.9,Fail
HS042,Do Tuan,10A3,Nam,1.3,8.0,105,4,3.0,Fail
HS043,Ngo Hieu,10A4,Nu,2.2,7.2,182,1,3.2,Fail
HS044,Do Tam,10A5,Nam,5.4,7.7,169,0,7.5,Pass
HS045,Ngo Phuc,10A6,Nu,3.3,9.3,185,2,5.8,Pass
HS046,Pham Tam,10A7,Nam,3.7,5.5,128,0,5.2,Pass
HS047,Bui Phuc,10A8,Nam,3.6,6.0,147,1,5.4,Pass
HS048,Le Chi,10A1,Nam,5.6,4.9,204,0,5.8,Pass
HS049,Vu Son,10A2,Nu,0.6,4.8,295,0,2.0,Fail
HS050,Dang Ha,10A3,Nu,2.4,4.8,127,0,5.2,Pass
HS051,Ly Tam,10A4,Nam,1.6,4.7,205,6,3.3,Fail
HS052,Vu Tuan,10A5,Nu,2.6,5.7,228,4,3.4,Fail
HS053,Duong Vy,10A6,Nam,3.3,9.5,70,2,4.3,Fail
HS054,Tran Minh,10A7,Nam,6.5,7.3,168,1,8.2,Pass
HS055,Pham Minh,10A8,Nu,3.7,6.2,182,0,5.7,Pass
HS056,Dang Khanh,10A1,Nu,4.8,9.3,212,2,6.1,Pass
HS057,Do Yen,10A2,Nu,3.2,7.2,144,1,4.9,Fail
HS058,Bui Trang,10A3,Nam,3.2,7.1,106,3,3.7,Fail
HS059,Dang Minh,10A4,Nam,0.5,7.0,261,3,2.6,Fail
HS060,Pham Giang,10A5,Nu,3.4,5.3,100,2,4.7,Fail
HS061,Nguyen Quan,10A6,Nu,2.7,5.8,128,3,6.3,Pass
HS062,Duong Hieu,10A7,Nu,0.8,7.9,210,1,3.1,Fail
HS063,Ngo Nam,10A8,Nu,5.5,9.2,142,5,7.5,Pass
HS064,Pham Trang,10A1,Nam,2.3,5.1,215,0,4.4,Fail
HS065,Dang Tuan,10A2,Nam,2.5,6.7,154,2,5.3,Pass
HS066,Tran Chi,10A3,Nam,0.8,7.3,201,1,3.2,Fail
HS067,Vu Bao,10A4,Nam,6.0,6.1,145,0,5.2,Pass
HS068,Bui Linh,10A5,Nu,6.1,8.9,198,14,6.2,Pass
HS069,Nguyen Nhi,10A6,Nu,5.6,8.9,46,0,7.1,Pass
HS070,Le Yen,10A7,Nam,7.0,7.5,89,0,8.6,Pass
HS071,Vu Tuan,10A8,Nu,5.0,6.5,98,0,6.4,Pass
HS072,Nguyen Giang,10A1,Nu,4.8,7.5,82,0,6.9,Pass
HS073,Pham Hieu,10A2,Nu,0.5,5.3,187,0,2.2,Fail
HS074,Hoang Hieu,10A3,Nu,6.0,8.5,88,3,7.0,Pass
HS075,Vu Khanh,10A4,Nam,3.1,5.9,234,0,3.7,Fail
HS076,Do Giang,10A5,Nam,5.0,7.9,41,1,6.3,Pass
HS077,Vu Nhi,10A6,Nu,4.1,8.1,144,0,5.7,Pass
HS078,Nguyen Cuong,10A7,Nam,4.4,5.8,89,1,6.6,Pass
HS079,Vu Phuc,10A8,Nu,7.0,9.1,60,2,9.2,Pass
HS080,Tran Bao,10A1,Nu,6.7,8.1,34,0,8.9,Pass
HS081,Ly Ha,10A2,Nam,1.9,6.6,236,0,3.2,Fail
HS082,Dang Chi,10A3,Nu,4.4,8.6,242,4,6.0,Pass
HS083,Tran Vy,10A4,Nam,4.2,9.5,88,0,6.3,Pass
HS084,Le An,10A5,Nu,3.3,6.3,135,0,4.8,Fail
HS085,Le Cuong,10A6,Nu,4.3,5.0,92,3,6.5,Pass
HS086,Le Thao,10A7,Nam,4.6,8.2,77,1,5.8,Pass
HS087,Pham Thao,10A8,Nam,4.1,8.8,65,1,5.9,Pass
HS088,Ly Minh,10A1,Nu,3.5,4.7,95,0,5.2,Pass
HS089,Bui An,10A2,Nam,1.2,5.1,223,2,2.9,Fail
HS090,Le Phuc,10A3,Nam,2.9,4.7,268,0,3.5,Fail
HS091,Pham Cuong,10A4,Nu,2.0,7.8,256,4,3.8,Fail
HS092,Bui Oanh,10A5,Nam,5.9,9.3,87,4,9.1,Pass
HS093,Hoang Bao,10A6,Nu,2.8,8.5,180,0,4.4,Fail
HS094,Nguyen Minh,10A7,Nu,5.7,8.1,40,0,7.4,Pass
HS095,Nguyen Thao,10A8,Nam,2.0,7.5,198,1,4.9,Fail
HS096,Nguyen Hieu,10A1,Nu,1.2,8.1,250,4,3.1,Fail
HS097,Ngo Trang,10A2,Nu,6.3,6.4,34,2,7.9,Pass
HS098,Le Giang,10A3,Nam,1.4,5.3,331,1,2.4,Fail
HS099,Duong Yen,10A4,Nam,4.5,4.6,201,0,5.3,Pass
HS100,Vu Tam,10A5,Nu,2.8,7.1,239,4,4.5,Fail
HS101,Vu Son,10A6,Nam,5.3,6.8,151,8,6.9,Pass
HS102,Dang Cuong,10A7,Nam,5.0,8.0,102,2,6.6,Pass
HS103,Le Linh,10A8,Nu,6.4,9.3,64,1,7.6,Pass
HS104,Nguyen Dung,10A1,Nu,6.9,6.7,15,3,8.6,Pass
HS105,Bui Giang,10A2,Nu,5.9,8.2,117,0,7.6,Pass
HS106,Vu Khanh,10A3,Nam,1.7,6.0,127,1,3.7,Fail
HS107,Ly Bao,10A4,Nu,3.0,8.1,139,1,4.8,Fail
HS108,Le Chi,10A5,Nam,5.7,6.4,42,2,7.3,Pass
HS109,Tran Tam,10A6,Nam,2.5,8.6,316,0,3.3,Fail
HS110,Pham Ha,10A7,Nu,1.8,8.6,102,2,3.7,Fail
HS111,Tran Phuc,10A8,Nam,1.2,4.5,131,0,3.8,Fail
HS112,Duong Quan,10A1,Nam,6.5,5.3,15,1,7.8,Pass
HS113,Ly Bao,10A2,Nam,6.8,7.0,100,0,6.7,Pass
HS114,Hoang Binh,10A3,Nu,6.8,4.6,15,3,7.2,Pass
HS115,Ngo Minh,10A4,Nu,1.0,8.6,187,2,3.3,Fail
HS116,Vu Minh,10A5,Nam,0.7,4.8,158,0,3.1,Fail
HS117,Bui Trang,10A6,Nu,3.2,9.3,265,1,4.8,Fail
HS118,Do Khanh,10A7,Nu,1.2,5.7,116,0,2.7,Fail
HS119,Bui Thao,10A8,Nu,6.6,5.0,151,0,6.8,Pass
HS120,Hoang Thao,10A1,Nam,6.8,5.3,102,0,8.1,Pass
HS121,Do Giang,10A2,Nu,6.3,6.3,71,5,8.2,Pass
HS122,Ly Khanh,10A3,Nam,4.7,5.7,325,0,4.8,Fail
HS123,Pham Thao,10A4,Nam,0.7,6.3,205,0,1.7,Fail
HS124,Nguyen Son,10A5,Nam,3.3,8.0,111,0,4.5,Fail
HS125,Vu Thao,10A6,Nu,6.1,4.5,130,0,6.7,Pass
HS126,Hoang Tuan,10A7,Nu,5.5,6.5,102,3,6.5,Pass
HS127,Ngo Nhi,10A8,Nu,1.0,6.8,167,0,3.2,Fail
HS128,Vu Cuong,10A1,Nu,3.6,5.8,185,0,5.4,Pass
HS129,Dang Oanh,10A2,Nu,1.7,5.2,233,1,2.5,Fail
HS130,Le An,10A3,Nu,2.6,4.5,86,2,4.3,Fail
HS131,Bui Son,10A4,Nam,2.0,5.4,137,0,4.0,Fail
HS132,Nguyen Hieu,10A5,Nu,5.5,6.1,450,0,6.0,Pass
HS133,Nguyen An,10A6,Nu,3.8,5.5,105,3,5.4,Pass
HS134,Bui Son,10A7,Nam,5.1,8.6,119,4,7.1,Pass
HS135,Pham Phuc,10A8,Nam,1.4,8.7,121,2,4.0,Fail
HS136,Duong Nam,10A1,Nam,0.6,6.9,292,0,1.8,Fail
HS137,Hoang Cuong,10A2,Nu,4.7,4.9,117,2,6.0,Pass
HS138,Le Tam,10A3,Nu,4.6,4.8,91,2,4.8,Fail
HS139,Bui Nhi,10A4,Nam,4.5,8.0,90,2,5.5,Pass
HS140,Bui Trang,10A5,Nu,3.3,6.1,94,1,4.7,Fail
HS141,Duong Linh,10A6,Nu,1.7,7.3,138,0,3.3,Fail
HS142,Ly Yen,10A7,Nam,2.5,9.4,233,0,3.8,Fail
HS143,Dang Hieu,10A8,Nu,5.4,8.0,85,0,7.1,Pass
HS144,Pham Quan,10A1,Nu,6.0,6.0,254,2,5.0,Pass
HS145,Vu Vy,10A2,Nam,2.4,8.2,189,5,4.6,Fail
HS146,Ngo An,10A3,Nam,1.8,6.6,257,4,3.9,Fail
HS147,Ly Tuan,10A4,Nam,6.7,8.1,70,0,7.5,Pass
HS148,Pham Tuan,10A5,Nu,4.4,7.6,83,0,5.7,Pass
HS149,Bui Trang,10A6,Nam,5.5,8.2,87,1,6.8,Pass
HS150,Bui Bao,10A7,Nam,1.3,9.4,256,0,2.6,Fail
HS151,Vu Phuc,10A8,Nu,3.6,4.8,200,5,4.9,Fail
HS152,Tran Tuan,10A1,Nu,1.1,9.5,153,0,2.1,Fail
HS153,Ngo Giang,10A2,Nu,2.4,5.7,182,1,4.9,Fail
HS154,Duong Quan,10A3,Nam,5.9,6.6,57,1,7.2,Pass
HS155,Hoang Nam,10A4,Nu,2.7,6.6,150,3,4.5,Fail
HS156,Duong Son,10A5,Nam,1.7,7.6,147,0,3.5,Fail
HS157,Le Tam,10A6,Nam,4.4,8.2,69,1,5.9,Pass
HS158,Nguyen Yen,10A7,Nam,2.8,9.0,106,1,5.8,Pass
HS159,Pham Nam,10A8,Nu,1.4,7.4,155,3,3.2,Fail
HS160,Bui Ha,10A1,Nam,6.7,8.8,95,1,7.6,Pass
HS161,Tran Binh,10A2,Nu,5.1,8.2,102,2,8.0,Pass
HS162,Hoang Phuc,10A3,Nam,1.5,5.5,182,1,2.6,Fail
HS163,Do Vy,10A4,Nam,2.9,7.5,126,0,4.3,Fail
HS164,Hoang Thao,10A5,Nam,5.4,5.9,77,0,7.1,Pass
HS165,Nguyen Vy,10A6,Nam,1.4,6.9,170,2,2.9,Fail
HS166,Tran Cuong,10A7,Nam,0.6,9.0,281,0,2.9,Fail
HS167,Nguyen Linh,10A8,Nu,4.9,7.6,141,0,6.8,Pass
HS168,Vu Phuc,10A1,Nu,6.0,5.0,69,1,7.5,Pass
HS169,Vu Hieu,10A2,Nu,3.4,6.8,105,0,5.4,Pass
HS170,Do Ha,10A3,Nu,2.0,6.8,210,1,3.9,Fail
HS171,Do Linh,10A4,Nam,3.8,6.0,116,0,5.4,Pass
HS172,Nguyen Bao,10A5,Nam,4.0,6.8,82,1,5.4,Pass
HS173,Duong Giang,10A6,Nu,0.7,8.1,92,1,3.9,Fail
HS174,Do Giang,10A7,Nam,2.3,6.6,71,0,4.2,Fail
HS175,Tran Bao,10A8,Nu,4.4,8.8,233,2,5.7,Pass
HS176,Tran Cuong,10A1,Nu,6.6,4.7,66,2,7.6,Pass
HS177,Hoang Bao,10A2,Nu,2.4,8.6,86,2,5.6,Pass
HS178,Nguyen Linh,10A3,Nu,2.0,4.8,156,0,4.6,Fail
HS179,Duong Tam,10A4,Nam,2.1,6.3,396,1,3.2,Fail
HS180,Duong Khanh,10A5,Nam,5.4,6.9,102,0,6.8,Pass
HS181,Duong Trang,10A6,Nu,1.4,6.1,120,3,3.2,Fail
HS182,Dang Tuan,10A7,Nu,6.1,8.3,149,0,5.9,Pass
HS183,Duong Linh,10A8,Nam,6.6,8.4,88,2,8.3,Pass
HS184,Vu Thao,10A1,Nam,5.8,8.1,88,1,6.6,Pass
HS185,Tran Ha,10A2,Nam,3.7,7.4,258,5,6.0,Pass
HS186,Vu Linh,10A3,Nu,3.5,6.6,147,0,5.0,Pass
HS187,Ly Thao,10A4,Nu,6.5,4.6,150,1,7.6,Pass
HS188,Hoang Cuong,10A5,Nu,2.0,8.9,129,0,3.6,Fail
HS189,Ly An,10A6,Nu,4.0,7.0,135,0,6.1,Pass
HS190,Duong Quan,10A7,Nu,4.3,7.2,208,1,6.1,Pass
HS191,Duong Nhi,10A8,Nam,5.7,6.5,174,2,6.7,Pass
HS192,Vu Vy,10A1,Nam,3.9,7.4,165,2,5.6,Pass
HS193,Vu Thao,10A2,Nam,6.3,7.5,57,1,7.8,Pass
HS194,Ly Minh,10A3,Nu,6.3,8.5,228,0,8.2,Pass
HS195,Nguyen Tam,10A4,Nu,1.5,5.3,111,0,4.0,Fail
HS196,Tran Bao,10A5,Nam,2.2,9.2,159,3,4.6,Fail
HS197,Nguyen Vy,10A6,Nam,4.8,8.3,445,2,4.7,Fail
HS198,Tran Trang,10A7,Nam,2.8,9.1,120,0,5.3,Pass
HS199,Vu Khanh,10A8,Nu,3.6,8.5,164,0,5.7,Pass
HS200,Ngo Linh,10A1,Nu,4.5,6.2,100,0,6.2,Pass
HS201,Dang Binh,10A2,Nam,1.8,7.1,84,2,4.2,Fail
HS202,Do Trang,10A3,Nam,1.9,7.7,262,2,2.1,Fail
HS203,Le Linh,10A4,Nam,6.3,9.2,120,1,8.0,Pass
HS204,Ngo Quan,10A5,Nu,5.9,4.7,142,3,6.2,Pass
HS205,Duong Nam,10A6,Nu,2.1,7.7,176,0,4.9,Fail
HS206,Dang Chi,10A7,Nu,0.6,8.0,281,0,3.2,Fail
HS207,Vu Minh,10A8,Nam,3.3,7.3,185,1,5.3,Pass
HS208,Vu Hieu,10A1,Nam,2.5,8.1,282,3,3.4,Fail
HS209,Le Oanh,10A2,Nu,4.1,9.4,85,0,6.0,Pass
HS210,Vu Minh,10A3,Nam,0.5,7.0,194,1,3.2,Fail
HS211,Do Son,10A4,Nam,2.0,6.1,222,1,3.4,Fail
HS212,Hoang Trang,10A5,Nu,6.7,6.1,67,0,8.3,Pass
HS213,Ngo An,10A6,Nu,6.3,5.3,184,0,7.7,Pass
HS214,Duong An,10A7,Nam,3.3,8.2,133,0,5.0,Pass
HS215,Nguyen An,10A8,Nu,5.2,7.1,125,0,6.2,Pass
HS216,Dang Son,10A1,Nam,0.6,6.6,86,3,4.0,Fail
HS217,Do Tuan,10A2,Nu,6.3,7.5,133,1,7.3,Pass
HS218,Le Linh,10A3,Nam,6.2,5.1,99,0,7.6,Pass
HS219,Le Vy,10A4,Nam,2.5,7.5,450,2,4.0,Fail
HS220,Dang Linh,10A5,Nu,6.7,6.2,15,0,7.9,Pass
HS221,Le Oanh,10A6,Nu,1.8,8.3,124,0,4.3,Fail
HS222,Pham Giang,10A7,Nu,6.3,7.0,30,2,7.5,Pass
HS223,Bui Ha,10A8,Nam,1.7,8.9,274,0,3.3,Fail
HS224,Bui Nhi,10A1,Nam,5.6,9.1,21,2,8.3,Pass
HS225,Nguyen Minh,10A2,Nu,2.0,9.0,207,0,2.9,Fail
HS226,Vu Cuong,10A3,Nam,2.2,5.1,157,2,3.5,Fail
HS227,Vu Phuc,10A4,Nu,3.4,7.1,116,3,5.1,Pass
HS228,Hoang Chi,10A5,Nam,1.6,8.2,298,0,4.0,Fail
HS229,Duong Nam,10A6,Nam,6.1,8.3,157,1,7.4,Pass
HS230,Do Trang,10A7,Nu,1.2,9.4,222,1,2.6,Fail
HS231,Tran Trang,10A8,Nam,6.5,8.4,49,0,7.6,Pass
HS232,Hoang Giang,10A1,Nu,3.1,6.7,107,1,4.3,Fail
HS233,Do Minh,10A2,Nu,4.7,5.9,310,0,5.7,Pass
HS234,Ly Chi,10A3,Nam,0.9,6.4,236,5,1.9,Fail
HS235,Ngo Thao,10A4,Nu,1.3,8.9,111,1,3.4,Fail
HS236,Hoang Hieu,10A5,Nu,1.7,4.9,112,0,3.8,Fail
HS237,Pham Nam,10A6,Nu,6.8,6.7,15,3,8.5,Pass
HS238,Vu Quan,10A7,Nam,4.3,7.3,244,2,5.5,Pass
HS239,Bui Chi,10A8,Nam,3.2,4.8,123,0,5.3,Pass
HS240,Bui Linh,10A1,Nu,4.6,9.0,295,0,5.4,Pass
