track_name,track_artist,playlist_genre,nam,duration_ms,danceability,energy,speechiness,acousticness,valence,tempo
Dive In,Lonely in the Rain,edm,2018,166757,0.625,0.597,0.046,0.5,0.04,95.0
Huldra - Other Version,Gidge,r&b,2017,490000,0.772,0.514,0.075,0.148,0.103,118.0
Y crois-tu,Fishbach,pop,2017,239093,0.561,0.64,0.024,0.127,0.288,98.0
Alte Schule Frankfurt,Dú Maroc,rap,2018,164573,0.683,0.79,0.314,0.266,0.523,96.0
The Unforgiven II,Metallica,rock,1997,396440,0.49,0.884,0.043,0.001,0.254,133.0
The Creeper - Bonus Track,Molly Hatchet,rock,1978,198093,0.592,0.7,0.036,0.184,0.844,135.4
F.B.G.M.,T-Pain,rap,2017,188832,0.689,0.657,0.039,0.127,0.234,77.5
Somewhere,Lucas Estrada,latin,2019,171979,0.721,0.836,0.054,0.064,0.556,120.0
Dame Lo Que Quiero,R.K.M & Ken-Y,latin,2006,217040,0.867,0.727,0.078,0.219,0.605,95.0
Amiga mía,Alejandro Sanz,latin,2004,290973,0.629,0.703,0.05,0.519,0.402,144.0
Up & Down,Vengaboys,pop,2000,241040,0.79,0.929,0.067,0.0,0.894,136.0
Diamond & Gold,Lil' Troy,rap,1998,179107,0.875,0.597,0.293,0.0,0.339,87.2
BFAM - Original Mix,Julian Jordan,edm,2013,318800,0.603,0.784,0.033,0.009,0.131,128.0
Trampoline (with ZAYN),SHAED,pop,2019,184280,0.619,0.459,0.033,0.56,0.498,126.8
On My Own,Despotem,rap,2020,161999,0.556,0.562,0.086,0.204,0.115,80.1
Leather Teeth,Carpenter Brut,pop,2018,232947,0.441,0.931,0.062,0.0,0.207,97.0
Let's Get F*cked Up,MAKJ,edm,2014,286754,0.737,0.932,0.079,0.002,0.074,128.0
Robarte un Beso,Carlos Vives,latin,2017,194742,0.742,0.858,0.048,0.083,0.64,95.0
C'Mon wit da Git Down,Artifacts,rap,1994,244307,0.651,0.61,0.312,0.109,0.741,166.1
Alone,Kløn,rap,2020,222154,0.596,0.712,0.042,0.098,0.381,149.9
Black Betty,Ministry & Co-Conspirators,rap,2008,209013,0.252,0.916,0.069,0.0,0.385,119.9
Non-Stop,Leslie Odom Jr.,pop,2015,385438,0.772,0.482,0.351,0.211,0.441,92.0
Coronao Now,El Alfa,latin,2019,217881,0.941,0.729,0.246,0.146,0.718,118.0
君のハートはマリンブルー,オメガトライブ,rock,1984,294907,0.602,0.794,0.027,0.387,0.624,113.6
Complicated Heart - 2014 Remastered Version,Michael Learns To Rock,rock,2014,267000,0.781,0.484,0.027,0.406,0.788,100.1
Fight For Your Right (Player & Remady Remix),TEC,edm,2005,464273,0.725,0.724,0.064,0.001,0.16,130.0
Fire on the Mountain,The Marshall Tucker Band,rock,1975,236467,0.506,0.827,0.037,0.107,0.571,101.9
Death On Two Legs (Dedicated To...) - Remastered 2011,Queen,rock,1975,223920,0.373,0.691,0.055,0.362,0.499,124.8
Febreze (feat. 2 Chainz),Jack Ü,pop,2015,214400,0.68,0.983,0.333,0.018,0.263,149.8
La fuerza del corazón,Alejandro Sanz,latin,1995,307053,0.399,0.53,0.053,0.479,0.351,76.8
Better Than Me,Hinder,rock,2005,223533,0.449,0.682,0.029,0.205,0.254,139.9
Wildflowers,Tom Petty,rock,1994,190320,0.537,0.315,0.027,0.588,0.575,86.8
5o Clock,Jonny Joel,edm,2019,255254,0.7,0.517,0.202,0.364,0.481,118.0
Masquerade,Dyro,edm,2019,179833,0.593,0.94,0.043,0.004,0.091,130.0
"Oh, Baby!",NR:TN,edm,2019,207097,0.81,0.764,0.048,0.078,0.668,124.0
Tabú,Pablo Alborán,latin,2019,179775,0.748,0.808,0.062,0.037,0.553,100.0
Chantaje (feat. Maluma),Shakira,latin,2017,195840,0.852,0.773,0.078,0.187,0.907,102.0
Hey Santa Claus,The Moonglows,r&b,1988,145493,0.664,0.434,0.035,0.767,0.674,151.7
Grapevine,Tiësto,edm,2018,150968,0.714,0.828,0.06,0.005,0.208,124.0
Sonnentanz - Sun Don't Shine,Klangkarussell,latin,2014,238120,0.579,0.549,0.091,0.104,0.155,119.7
Date La Vuelta,Luis Fonsi,latin,2019,219773,0.747,0.825,0.057,0.049,0.866,94.0
I Lived - Arty Remix,OneRepublic,edm,2014,267427,0.267,0.796,0.053,0.231,0.106,127.9
No Entiendes La Onda (How I Could Just Kill A Man) - Spanish Edit,Cypress Hill,latin,1999,249693,0.789,0.795,0.116,0.008,0.849,102.0
Cheap Shots & Setbacks,AS IT IS,pop,2015,173084,0.412,0.982,0.078,0.0,0.55,157.0
Stop,RetroVision,edm,2019,157143,0.615,0.935,0.156,0.026,0.507,126.0
We Don't Talk Anymore - Attom Remix,Charlie Puth,latin,2016,218400,0.685,0.672,0.102,0.087,0.335,100.0
Queens Of Anarchy - Røykenrussen 2015,Vigiland,edm,2015,136875,0.842,0.824,0.271,0.005,0.678,128.0
Rasputin - Radio Edit,Hard Rock Sofa,edm,2013,170507,0.531,0.973,0.04,0.035,0.13,128.0
Lola Bunny,Lola Indigo,pop,2019,187263,0.769,0.899,0.05,0.193,0.872,95.0
Underneath,Code Orange,rock,2020,279194,0.37,0.916,0.194,0.002,0.187,172.8
Balls,Olivia King,r&b,2019,206000,0.691,0.626,0.172,0.115,0.538,120.0
Sauce,Sez on the Beat,rap,2018,189804,0.731,0.654,0.055,0.296,0.786,152.9
N.M.,БРДК,rap,2018,132571,0.732,0.674,0.218,0.727,0.514,168.1
Stay With U 2Night,Axel Boy,edm,2019,252000,0.626,0.973,0.221,0.042,0.157,139.6
Perdóname,FMK,rap,2018,162574,0.686,0.411,0.04,0.207,0.185,130.1
Here with You,Lost Frequencies,pop,2017,159545,0.415,0.774,0.087,0.009,0.105,86.7
Equality,Afu-Ra,r&b,2000,277320,0.661,0.91,0.295,0.169,0.709,88.9
Spread Your Love,Black Rebel Motorcycle Club,rock,2001,225333,0.415,0.901,0.043,0.01,0.424,128.2
Little Poor Me,Layto,pop,2018,198857,0.676,0.787,0.031,0.001,0.499,140.0
Sounds Like,SaberZ,edm,2019,169096,0.649,0.979,0.082,0.002,0.184,132.0
Flaw in That,Marc Oso,r&b,2019,187063,0.706,0.456,0.309,0.051,0.229,154.0
yes & no,XYLØ,pop,2019,178983,0.835,0.505,0.168,0.286,0.665,118.0
What Happened?,Gilligan Moss,pop,2018,308080,0.717,0.817,0.062,0.028,0.962,126.0
Wouli Liya,Dadju,latin,2019,241400,0.565,0.7,0.051,0.251,0.546,95.0
Smells Like Teen Spirit,Nirvana,rock,1991,301920,0.502,0.912,0.056,0.0,0.72,116.8
If I Loved You,Royse,pop,2019,214437,0.663,0.829,0.046,0.477,0.425,115.1
Birch Tree,Foals,pop,2015,261133,0.659,0.792,0.03,0.019,0.466,108.0
Summer,Calvin Harris,edm,2014,224507,0.603,0.861,0.032,0.022,0.72,128.0
Pimp Tha Pen,DJ Screw,rap,1996,193560,0.832,0.54,0.334,0.071,0.561,138.8
Candy Land,Tucka,rap,2011,253787,0.835,0.663,0.037,0.296,0.92,111.0
Ransom,Lil Tecca,r&b,2019,131248,0.745,0.642,0.287,0.02,0.226,180.0
Mamacita,KM,latin,2019,194311,0.929,0.536,0.281,0.087,0.887,130.0
Gypsy Drop - Radio Edit,Filip Jenven,edm,2014,180502,0.797,0.962,0.091,0.0,0.422,128.0
Just You and I - R3HAB Remix,Tom Walker,edm,2019,138750,0.632,0.683,0.246,0.297,0.428,100.3
Don't Go Away,Johnny O.,latin,2005,350347,0.678,0.711,0.032,0.105,0.433,121.9
Instinto Brutal,Canabision,latin,2016,269033,0.673,0.831,0.361,0.12,0.649,90.8
Cut Your Teeth - Kygo Remix,Kyla La Grange,latin,2014,399013,0.674,0.678,0.041,0.59,0.465,100.0
Sumthin' Sumthin',Maxwell,r&b,1996,257680,0.81,0.534,0.06,0.131,0.863,97.9
Cold As Stone,Luis DH,edm,2019,123231,0.635,0.743,0.044,0.008,0.305,95.1
Like That (feat. Gucci Mane),Doja Cat,r&b,2019,163173,0.879,0.499,0.18,0.24,0.405,106.0
Feet On The Ground,Nicky Romero,edm,2014,176390,0.405,0.936,0.2,0.242,0.281,126.1
Legs - 2008 Remaster,ZZ Top,rock,1983,273907,0.611,0.946,0.038,0.01,0.763,125.4
Ich komm allein,Olexesh,rap,2015,199480,0.786,0.728,0.344,0.101,0.487,116.9
Ain't Your Mama,Jennifer Lopez,latin,2016,218235,0.757,0.678,0.233,0.047,0.82,120.1
Go Your Own Way,Fleetwood Mac,rock,1977,218400,0.597,0.812,0.032,0.022,0.823,135.7
Si No Le Contesto,Plan B,latin,2010,220057,0.846,0.747,0.053,0.095,0.517,95.0
So High,JAYLIEN,pop,2020,229565,0.511,0.715,0.174,0.034,0.621,138.0
I Luv U (with R3HAB),Sofia Carson,pop,2019,150938,0.875,0.558,0.064,0.053,0.44,96.1
Special Eyes,Xavier Omär,r&b,2016,198573,0.658,0.539,0.055,0.347,0.455,111.0
I Feel Fly,Simon Green,edm,2016,244345,0.727,0.711,0.041,0.081,0.414,125.0
Bird Machine,DJ Snake,rap,2013,198000,0.719,0.668,0.048,0.0,0.166,100.0
Who - Radio Edit,Tujamo,edm,2012,190668,0.893,0.741,0.062,0.004,0.36,125.0
Clarity,Zedd,latin,2012,271427,0.523,0.78,0.075,0.038,0.187,128.0
Smooth Criminal - Radio Edit,Michael Jackson,rock,2005,257240,0.854,0.957,0.07,0.156,0.628,118.2
Y Si Te Digo,Fanny Lu,latin,2009,270947,0.723,0.739,0.056,0.577,0.817,108.0
Hooka,Don Omar,latin,2010,237973,0.73,0.863,0.154,0.037,0.818,170.0
Sola,Raymix,latin,2018,179027,0.674,0.684,0.068,0.383,0.772,180.0
Wave Goodbye (feat. Jeffrey Jey),Robin Schulz,latin,2015,195113,0.715,0.668,0.051,0.036,0.377,124.0
Take Off,Erlandsson,edm,2018,183765,0.619,0.639,0.054,0.019,0.2,128.0
Adore You,Harry Styles,r&b,2019,207133,0.676,0.771,0.048,0.024,0.569,99.0
Thug,Slim Thug,rap,2009,230707,0.781,0.71,0.09,0.009,0.317,156.1
Dry Ink,Travel With The Sun,rock,2019,181931,0.598,0.568,0.027,0.011,0.16,127.8
Tear It Down - NEW_ID Remix,The Aston Shuffle,edm,2014,380204,0.569,0.777,0.261,0.022,0.519,128.0
Borro Cassette,Maluma,latin,2015,207307,0.73,0.701,0.106,0.132,0.785,176.0
Waiting For Love,Avicii,pop,2015,230613,0.577,0.741,0.05,0.298,0.581,128.1
Keep On Waiting,Napkey,pop,2015,193627,0.671,0.537,0.05,0.582,0.344,124.9
Easy,Camila Cabello,pop,2019,194686,0.574,0.593,0.046,0.411,0.355,128.1
Non sto più in zona,Shiva,rap,2019,155825,0.86,0.711,0.183,0.115,0.502,105.0
Straight Thru,Quin Nfn,rap,2019,137280,0.946,0.331,0.545,0.001,0.417,125.0
Heavy on the Bacon,Fouk,edm,2015,476595,0.903,0.659,0.064,0.091,0.872,116.0
Talking Myself In Circles,Four Year Strong,rock,2020,221904,0.559,0.926,0.047,0.0,0.72,101.0
Hooka,Don Omar,latin,2010,237973,0.73,0.863,0.154,0.037,0.818,170.0
Lullaby,Sigala,pop,2018,203569,0.767,0.78,0.044,0.303,0.716,120.0
Murmuration,Blue Wednesday,rap,2019,156000,0.686,0.373,0.118,0.532,0.203,83.2
Prometo Olvidarte,Tony Dize,latin,2013,240236,0.806,0.837,0.046,0.142,0.78,106.0
Work For You,Robin Novaku,latin,2019,150483,0.642,0.803,0.042,0.429,0.646,113.4
Corazón Con Candado,Raulin Rodriguez,latin,2017,262787,0.769,0.934,0.028,0.557,0.885,130.1
Maldita condena (feat. Colectivo Panamera),Café Quijano,latin,2019,215320,0.853,0.809,0.043,0.171,0.959,140.0
"Bet On It - From ""High School Musical 2""/Soundtrack Version",Troy,pop,2007,198320,0.812,0.67,0.056,0.022,0.439,137.0
James Joint,Rihanna,r&b,2016,72080,0.399,0.203,0.03,0.66,0.405,134.2
Easy Breezy,Kiana Ledé,r&b,2019,157253,0.845,0.667,0.08,0.297,0.929,93.0
Circles,Post Malone,r&b,2019,214907,0.704,0.758,0.04,0.233,0.534,120.0
Pause,MZ,r&b,2016,272080,0.727,0.608,0.152,0.26,0.465,115.0
There for You,Martin Garrix,pop,2017,221904,0.611,0.644,0.055,0.124,0.13,106.0
Getting Away With Murder,Papa Roach,rock,2010,190587,0.557,0.959,0.055,0.0,0.331,103.9
Ocean Avenue Acoustic,Yellowcard,latin,2013,219663,0.555,0.773,0.03,0.0,0.863,162.0
King Of My Castle - Don Diablo Edit,Don Diablo,edm,2019,173160,0.748,0.896,0.125,0.314,0.559,125.0
Remember the Time,Michael Jackson,r&b,1995,239627,0.834,0.908,0.065,0.128,0.801,107.9
RX,Don Omar,latin,2010,225333,0.646,0.867,0.27,0.103,0.892,88.2
American Capitalist,Five Finger Death Punch,rock,2011,208440,0.484,0.995,0.238,0.0,0.044,150.0
Abrázame Muy Fuerte,Juan Gabriel,latin,1990,239427,0.515,0.387,0.057,0.689,0.312,135.7
No Te Pido Flores,Fanny Lu,latin,2006,241500,0.731,0.881,0.062,0.398,0.878,104.0
Pride (In The Name Of Love),U2,rock,2006,229040,0.451,0.918,0.033,0.002,0.695,106.0
Cry,Jay Sean,latin,2009,274560,0.669,0.699,0.03,0.201,0.406,128.0
Lola Bunny,Lola Indigo,latin,2019,187263,0.769,0.899,0.05,0.193,0.872,95.0
I Got That Fire,Juvenile,rap,1999,347000,0.831,0.631,0.251,0.03,0.218,101.9
Harleys In Hawaii,Katy Perry,pop,2019,185815,0.722,0.757,0.132,0.185,0.721,140.1
Poet With Soul - Extended,Def Jef,r&b,2012,351440,0.825,0.898,0.055,0.001,0.815,117.9
A Song to Sing,Kid Quill,r&b,2016,185487,0.745,0.741,0.184,0.209,0.48,94.0
Deal with the Devil,Pop Evil,rock,2013,201427,0.611,0.981,0.052,0.0,0.522,116.0
Reforget,Lauv,pop,2018,231676,0.44,0.469,0.112,0.449,0.225,169.8
Technologic - Radio Edit [Radio Edit],Daft Punk,rock,2006,166587,0.791,0.56,0.236,0.0,0.712,127.5
Wolves,Selena Gomez,pop,2017,197993,0.724,0.804,0.045,0.124,0.306,125.0
Emotions,Mariah Carey,r&b,1991,248093,0.741,0.752,0.036,0.041,0.942,114.9
One Kiss (with Dua Lipa),Calvin Harris,edm,2018,214847,0.791,0.862,0.11,0.037,0.592,124.0
Just the Same,Pillows,r&b,2019,129500,0.726,0.573,0.054,0.021,0.559,120.0
Me Hubieras Dicho,Yiyo Sarante,latin,2019,217731,0.746,0.588,0.044,0.689,0.787,114.0
Open Your Eyes,Disturbed,rock,2015,237347,0.579,0.973,0.09,0.0,0.677,116.0
Next Level - Nicky Romero Edit,John Christian,edm,2014,312246,0.733,0.986,0.23,0.008,0.435,128.0
DAYZ,AAAMYYY,pop,2019,311976,0.738,0.55,0.047,0.009,0.599,110.0
Bonita,J Balvin,latin,2017,265747,0.775,0.867,0.041,0.013,0.869,96.0
Boom Boom Guetta - David Guetta's Electro Hop Remix,The Black Eyed Peas,edm,2009,241867,0.793,0.627,0.062,0.024,0.421,128.0
Do You Remember,Ballin Entertainment,latin,2008,148323,0.755,0.691,0.056,0.006,0.839,127.9
The Vengeance,Black Veil Brides,rock,2019,209480,0.382,0.94,0.068,0.0,0.356,146.0
Rude - Zedd Remix,MAGIC!,edm,2014,273231,0.598,0.836,0.046,0.032,0.343,130.0
EASY LOVE,Gear 2nd,pop,2019,225273,0.802,0.776,0.112,0.16,0.687,110.0
One In A Million,Aaliyah,r&b,2007,270253,0.744,0.502,0.047,0.03,0.389,121.9
Massage Situation,Flying Lotus,r&b,2007,167173,0.603,0.606,0.069,0.011,0.403,93.1
"Everyday, Everyday (feat. Nevve)",Manila Killa,edm,2018,219497,0.327,0.698,0.043,0.025,0.256,92.3
Faded,NERVO,edm,2019,189878,0.685,0.807,0.046,0.002,0.149,138.0
Photograph,Ljung,pop,2019,212440,0.735,0.567,0.038,0.285,0.494,108.0
Pillars of Creation,BluntOne,rap,2018,96592,0.807,0.265,0.279,0.04,0.617,160.4
Fight the Night,ONE OK ROCK,rock,2015,256067,0.31,0.634,0.049,0.062,0.171,134.9
Freal Luv (feat. Chanyeol & Tinashe),Far East Movement,edm,2016,190345,0.645,0.814,0.067,0.164,0.519,145.0
On the Run,Minty Burns,r&b,2019,181400,0.734,0.705,0.208,0.048,0.573,150.1
Audi II,Smokepurpp,rap,2019,164639,0.789,0.576,0.435,0.038,0.423,140.0
A DOMANI PER SEMPRE,Sofia Tornambene,r&b,2019,217619,0.683,0.42,0.034,0.225,0.148,125.9
Beyond the Realms of Death,Judas Priest,rock,1978,409800,0.28,0.714,0.031,0.039,0.539,174.1
The Path to Awareness,Stefano Casavecchia,rock,2019,270000,0.516,0.938,0.039,0.0,0.721,119.9
Blue Zone,Don Omar,latin,2009,211093,0.796,0.712,0.054,0.042,0.478,95.0
Moves,Big Sean,rap,2017,142907,0.803,0.524,0.277,0.056,0.349,75.5
Modo Avião,MC Hariel,rap,2019,200548,0.745,0.428,0.047,0.387,0.444,146.1
Somebody,The Chainsmokers,pop,2018,223147,0.532,0.616,0.033,0.186,0.292,101.9
Love Is on Our Side,Capital Kings,edm,2017,199309,0.455,0.797,0.044,0.167,0.332,134.9
Energetic (Prequel Remix),Wanna One,edm,2017,255629,0.722,0.827,0.063,0.012,0.509,125.0
The Ceremony,Bertholet,rap,2018,95525,0.638,0.232,0.039,0.535,0.364,75.1
Traidora,Gente De Zona,latin,2016,216320,0.717,0.929,0.053,0.233,0.586,95.0
Twisted (feat. Logic & A$AP Rocky),French Montana,rap,2019,262354,0.805,0.871,0.214,0.009,0.926,169.9
One Kiss (with Dua Lipa),Calvin Harris,pop,2018,214847,0.791,0.862,0.11,0.037,0.592,124.0
Tus Ojos No Me Ven - feat. Joewell y Randy,Joey Montana,latin,2010,279568,0.82,0.566,0.12,0.185,0.67,95.0
Escolheu a Pessoa Errada para Humilhar,Johnny Hooker,latin,2019,188930,0.677,0.675,0.123,0.691,0.58,82.0
Southern Fried Intro,Ludacris,rap,2003,235533,0.605,0.885,0.17,0.259,0.753,145.9
The Race,Tay-K,rap,2017,140000,0.766,0.606,0.456,0.003,0.352,160.2
Bassline,Julian Jordan,edm,2019,160164,0.751,0.969,0.077,0.0,0.214,126.0
Migration - Instrumental Album Version,Camel,rock,2009,121827,0.506,0.776,0.047,0.637,0.906,159.3
All That - The Knocks Remix,Carly Rae Jepsen,pop,2015,310253,0.747,0.785,0.063,0.01,0.777,121.0
Remember The Time,Michael Jackson,r&b,1991,239227,0.831,0.921,0.058,0.153,0.794,108.0
Maono - K.E.E.N.E. Remix,SOSANDLOW,edm,2020,356940,0.803,0.801,0.047,0.0,0.353,124.0
"Fronteamos Porque Podemos (feat. Daddy Yankee, Yandel & Nengo Flow)",De La Ghetto,latin,2015,315440,0.714,0.626,0.423,0.26,0.512,76.6
Life Is Real (Song For Lennon) - Remastered 2011,Queen,rock,1982,211360,0.571,0.447,0.025,0.613,0.345,80.7
Keep It Mello,Marshmello,edm,2015,246831,0.656,0.909,0.084,0.002,0.139,142.0
Glitter,BENEE,r&b,2019,180147,0.801,0.589,0.048,0.086,0.58,116.9
Hot Fun in the Summertime,Sly & The Family Stone,rock,1973,156827,0.609,0.647,0.063,0.365,0.692,145.2
Tetris 2020,Adryx-G,edm,2019,195692,0.672,0.946,0.042,0.273,0.202,130.0
Love My Way,The Psychedelic Furs,rock,1988,211573,0.673,0.686,0.036,0.022,0.662,126.1
Dissociation,Aaryan Shah,rap,2020,276000,0.317,0.212,0.051,0.583,0.128,118.9
tired of my life,updog,pop,2019,132414,0.348,0.478,0.107,0.144,0.358,175.0
Before You Go,Lewis Capaldi,r&b,2019,215107,0.459,0.575,0.057,0.604,0.183,111.9
Next to Me,Otto Knows,latin,2015,202169,0.596,0.752,0.07,0.785,0.306,127.1
Vibin,Habstrakt,edm,2018,194742,0.719,0.929,0.138,0.004,0.445,126.1
We Were Rock and Roll,Janelle Monáe,pop,2013,259467,0.651,0.769,0.028,0.012,0.8,130.0
I Luv U (with R3HAB),Sofia Carson,edm,2019,150938,0.875,0.558,0.064,0.053,0.44,96.1
I Get It My Way,Paul Otten,rap,2015,171818,0.521,0.652,0.03,0.002,0.566,175.9
Bailar (feat. Pitbull & Elvis Crespo),Deorro,latin,2016,160305,0.75,0.891,0.227,0.025,0.553,128.1
Just Because,James Cole,r&b,2018,205597,0.689,0.906,0.041,0.159,0.397,109.0
Letting Go,Hogland,latin,2019,192089,0.667,0.635,0.036,0.053,0.217,119.9
Reelin' In The Years,Steely Dan,rock,2000,277200,0.518,0.784,0.037,0.117,0.736,135.2
Magic,KSHMR,edm,2018,149414,0.601,0.939,0.115,0.09,0.336,127.9
Con Calma,Daddy Yankee,latin,2019,193227,0.737,0.86,0.059,0.11,0.656,94.0
Alone,Wishbone Ash,rock,1971,144289,0.66,0.574,0.033,0.001,0.868,101.5
Feellit,Koen Groeneveld,edm,2016,226560,0.76,0.919,0.086,0.0,0.19,125.0
Remedy,Seether,rock,2005,207213,0.549,0.952,0.087,0.0,0.458,127.8
Life Is Music,Blasterjaxx,edm,2019,142727,0.495,0.983,0.117,0.002,0.076,132.0
Goodbye Yellow Brick Road,Elton John,rock,1973,193333,0.541,0.432,0.03,0.504,0.415,121.0
Reforget,Lauv,latin,2018,231676,0.44,0.469,0.112,0.449,0.225,169.8
Allstars,Sa4,rap,2017,319347,0.569,0.798,0.409,0.069,0.476,93.4
Say It Again,AJ Mitchell,pop,2019,206930,0.51,0.71,0.087,0.442,0.511,120.0
Vivir Sin Aire - Unplugged,Maná,latin,1999,344584,0.596,0.707,0.027,0.164,0.43,132.2
Me Gusta - Remix,Natti Natasha,latin,2019,197013,0.853,0.766,0.04,0.025,0.835,96.0
All This Love,Alesso,edm,2015,251399,0.671,0.773,0.033,0.153,0.465,128.0
Stronger (What Doesn't Kill You),Kelly Clarkson,latin,2011,221947,0.562,0.939,0.048,0.046,0.684,116.0
Los Días Que Vendrán,KURT,latin,2018,208400,0.626,0.719,0.056,0.238,0.753,82.0
Gotta Push On,GRiZ,pop,2016,273918,0.554,0.528,0.05,0.007,0.44,149.9
Kinetic (Original Mix),Jay Eskar,edm,2017,240091,0.806,0.816,0.044,0.011,0.351,126.0
No Te Olvidaré,Gloria Estefan,latin,1990,242467,0.605,0.445,0.043,0.59,0.256,143.9
"My Life - From ""Despicable Me"" Soundtrack",Robin Thicke,r&b,2010,233933,0.795,0.492,0.035,0.139,0.463,120.0
Солдаты,Местный,rap,2018,219440,0.71,0.659,0.348,0.125,0.355,104.7
Walk Like an Egyptian,The Bangles,pop,2004,204707,0.724,0.891,0.1,0.003,0.819,103.0
Find You - RAMI Remix,Nick Jonas,edm,2017,195120,0.691,0.795,0.043,0.007,0.472,128.0
Wish Wish (feat. Cardi B & 21 Savage),DJ Khaled,r&b,2019,202625,0.861,0.666,0.343,0.002,0.853,145.0
Cloches,Worakls,edm,2019,419048,0.788,0.516,0.038,0.064,0.1,126.0
Coming After You,Milwin,edm,2015,196560,0.655,0.589,0.05,0.014,0.219,125.0
All My Life,K-Ci & JoJo,r&b,1997,331240,0.629,0.511,0.033,0.114,0.181,128.0
Give Me Your Love,Sigala,latin,2016,209014,0.635,0.945,0.036,0.004,0.686,125.0
I Don't Dance,Lee Brice,latin,2014,221173,0.587,0.559,0.032,0.399,0.19,92.0
Just Luv Machine,Mangabey,edm,2019,313517,0.876,0.551,0.065,0.068,0.642,124.4
Routine,Medhane,rap,2019,86210,0.663,0.904,0.199,0.402,0.76,156.2
Conte a Todos,Sango,pop,2017,192000,0.869,0.843,0.302,0.144,0.634,130.1
You're Makin' Me High,Toni Braxton,r&b,1996,267267,0.852,0.576,0.038,0.011,0.902,92.1
One Kiss (with Dua Lipa),Calvin Harris,pop,2018,214847,0.791,0.862,0.11,0.037,0.592,124.0
Vent,o k h o,rap,2017,164936,0.459,0.518,0.078,0.513,0.224,77.7
Make Some Noise,Chuckie,edm,2012,285942,0.635,0.784,0.175,0.001,0.212,128.1
Hate Me (with Juice WRLD),Ellie Goulding,pop,2019,186223,0.657,0.768,0.051,0.108,0.759,75.0
Stay Ready,Adelitas Way,rock,2019,193744,0.483,0.887,0.045,0.0,0.406,91.0
BOSS,The Carters,r&b,2018,244133,0.813,0.488,0.257,0.187,0.688,140.0
New York,Jake Isaac,pop,2020,201883,0.766,0.351,0.028,0.827,0.583,88.0
В каждый таз,БРАТУБРАТ,rap,2018,150500,0.721,0.857,0.31,0.297,0.933,76.0
There for You,Martin Garrix,pop,2017,221904,0.611,0.644,0.055,0.124,0.13,106.0
Poison,Sidhu Moose Wala,rap,2019,263721,0.678,0.774,0.266,0.054,0.435,171.9
It's Going Down,South Circle,rap,1995,296307,0.8,0.707,0.204,0.042,0.621,91.2
Tom Sawyer,Rush,rock,1981,276880,0.536,0.901,0.037,0.001,0.666,87.6
Wonderwall - Remastered,Oasis,rock,1995,258773,0.378,0.896,0.041,0.0,0.469,174.3
Safe And Sound,Capital Cities,pop,2013,192790,0.653,0.822,0.033,0.0,0.762,117.9
Express Yourself - Remastered 2000,N.W.A.,r&b,2008,263093,0.807,0.794,0.275,0.006,0.966,95.1
Date La Vuelta,Luis Fonsi,latin,2019,219773,0.747,0.825,0.057,0.049,0.866,94.0
Ride Or Die (feat. Foster The People),The Knocks,pop,2018,242035,0.648,0.75,0.034,0.061,0.556,105.0
Drain You,Nirvana,rock,1991,223880,0.325,0.929,0.07,0.0,0.198,133.4
Soledad,Loco Escrito,latin,2020,171119,0.754,0.689,0.147,0.164,0.498,95.1
I Warned Myself,Charlie Puth,r&b,2019,159783,0.488,0.311,0.297,0.562,0.579,184.1
Hannah Hunt,Vampire Weekend,pop,2013,237973,0.345,0.313,0.068,0.717,0.164,208.0
TELÉFONO,Aitana,latin,2018,163294,0.691,0.829,0.158,0.102,0.564,172.2
Kissing You,Keith Washington,r&b,1991,260013,0.494,0.495,0.031,0.184,0.233,126.5
Love Me Again,John Newman,pop,2013,239894,0.495,0.894,0.044,0.005,0.213,126.0
Transient - Coyu Raw Mix,Marla Singer,edm,2018,353574,0.754,0.899,0.045,0.0,0.037,131.0
Talk About It,Bancali,pop,2018,248727,0.498,0.723,0.223,0.508,0.318,110.0
Idols Become Rivals,Rick Ross,rap,2017,341680,0.481,0.716,0.622,0.012,0.404,78.8
Real Love,Mary J. Blige,r&b,1992,269973,0.76,0.793,0.079,0.106,0.833,95.1
Believer,Imagine Dragons,latin,2017,204347,0.776,0.78,0.128,0.062,0.666,124.9
No Brainer,DJ Khaled,pop,2018,260000,0.552,0.76,0.342,0.073,0.639,135.7
Date La Vuelta,Luis Fonsi,latin,2019,219773,0.747,0.825,0.057,0.049,0.866,94.0
Hold the Line,TOTO,pop,1978,235800,0.494,0.698,0.055,0.04,0.778,95.8
Drowsy,Banes World,rock,2016,164027,0.599,0.186,0.032,0.956,0.415,127.1
Easy,Camila Cabello,edm,2019,194686,0.574,0.593,0.046,0.411,0.355,128.1
Backseat,Ari Lennox,r&b,2016,219133,0.717,0.709,0.136,0.039,0.651,139.4
Sign,DEAMN,edm,2016,191560,0.705,0.903,0.028,0.025,0.472,108.9
Tijdmachine - Edit,Dio,rap,2008,209120,0.875,0.867,0.259,0.063,0.678,98.0
Work,MOTi,pop,2019,155238,0.704,0.929,0.04,0.04,0.633,126.1
Safe and Sound,Pickin' On Series,r&b,2014,190500,0.601,0.46,0.03,0.496,0.798,120.8
Scootaloo,Jobii,latin,2019,147110,0.731,0.424,0.259,0.36,0.604,85.0
Who Do You Love,George Thorogood & The Destroyers,rock,2009,259147,0.584,0.888,0.061,0.075,0.628,106.7
Raise Your Hands - Original Mix,Ummet Ozcan,edm,2014,269067,0.729,0.969,0.045,0.002,0.07,128.0
3000,Jeffrey Eli,edm,2019,148188,0.589,0.531,0.029,0.133,0.327,75.0
Oye Mi Canto,N.O.R.E.,latin,2006,240973,0.677,0.946,0.055,0.185,0.948,96.0
Summertime Girls - Studio Version,Y&T,rock,1990,209067,0.431,0.698,0.034,0.002,0.774,128.9
Daydreamin',Lupe Fiasco,r&b,2007,227640,0.518,0.753,0.066,0.03,0.558,81.2
Stop Snitchin,YG,r&b,2019,149893,0.924,0.714,0.282,0.005,0.601,90.5
B U M P,Dbstf,edm,2016,204375,0.682,0.945,0.04,0.038,0.327,128.0
Radioactive,Imagine Dragons,pop,2012,186813,0.473,0.777,0.059,0.119,0.21,136.2
Waiting For Love,Avicii,pop,2015,230613,0.577,0.741,0.05,0.298,0.581,128.1
One Dance,Drake,latin,2016,173987,0.791,0.619,0.053,0.008,0.371,104.0
Army Of Me,Björk,rock,1995,234107,0.461,0.692,0.034,0.008,0.525,172.2
Smile,Lily Allen,rock,2006,196893,0.632,0.639,0.026,0.001,0.733,95.5
With Or Without You - Kage Remix,Maddix,edm,2019,204194,0.776,0.801,0.157,0.296,0.663,124.1
Toxic,Britney Spears,pop,2003,198800,0.774,0.838,0.114,0.025,0.924,143.0
Pa' Que Vuelvas,Lyanno,latin,2019,206924,0.814,0.647,0.044,0.058,0.604,94.0
Breaking the Law,Judas Priest,rock,2010,155520,0.362,0.959,0.088,0.025,0.505,164.0
Breathe,Miles Wesley,rap,2019,132000,0.679,0.647,0.171,0.242,0.425,160.1
Letting Go,Hogland,pop,2019,192089,0.667,0.635,0.036,0.053,0.217,119.9
Love For That,Mura Masa,r&b,2015,191595,0.628,0.523,0.192,0.61,0.356,112.9
Patek,MC Igu,rap,2020,183719,0.879,0.523,0.127,0.422,0.438,115.0
Cali Sunshine,The Game,rap,2008,273173,0.62,0.868,0.318,0.162,0.545,79.3
Calma - Alan Walker Remix,Pedro Capó,pop,2019,193973,0.811,0.601,0.117,0.097,0.577,127.1
Floss (feat. MoStack & Not3s),AJ Tracey,rap,2019,182280,0.827,0.486,0.367,0.027,0.3,104.9
A chi mi dice,Il Volo,r&b,2019,219736,0.306,0.606,0.03,0.088,0.166,159.8
Way Down We Go,KALEO,pop,2016,213707,0.489,0.505,0.117,0.579,0.337,163.3
Someone Like You - Mazza & Tenashar Remix,Klaas,edm,2019,197200,0.554,0.898,0.046,0.036,0.37,150.0
See You Again (feat. Charlie Puth),Wiz Khalifa,pop,2015,229526,0.689,0.481,0.082,0.369,0.283,80.0
Midnight Moon,Oh Wonder,pop,2015,210756,0.681,0.484,0.056,0.641,0.646,143.0
Buy U a Drank (Shawty Snappin'),T-Pain,r&b,2014,230853,0.691,0.542,0.145,0.011,0.587,80.1
Ascension (Don't Ever Wonder),Maxwell,r&b,1996,346133,0.753,0.471,0.032,0.08,0.778,96.0
Work It,Missy Elliott,r&b,2002,263227,0.884,0.677,0.283,0.078,0.584,101.9
Retumba,Deorro,edm,2019,137154,0.665,0.879,0.189,0.002,0.361,128.1
Your Call Is Important to Us,Oscar Louis,pop,2019,159000,0.597,0.319,0.026,0.725,0.43,80.0
Love Riddim,Rotimi,r&b,2019,219482,0.781,0.633,0.035,0.311,0.795,107.1
Grapevine,Tiësto,edm,2018,150968,0.714,0.828,0.06,0.005,0.208,124.0
Perriandote,Myke Towers,rap,2019,196960,0.793,0.631,0.406,0.056,0.741,168.9
Surra de Bunda - Gregor Salto and Sidney Samson Remix,As Tequileiras do Funk,latin,2014,131429,0.888,0.758,0.257,0.002,0.396,126.0
Without You,Sandra Stephens,r&b,2009,250827,0.645,0.482,0.078,0.415,0.307,140.0
Perriandote,Myke Towers,latin,2019,196960,0.793,0.631,0.406,0.056,0.741,168.9
December - Chillaxed,The Breed,rap,2019,120918,0.702,0.439,0.039,0.012,0.651,140.0
DNA.,Kendrick Lamar,r&b,2017,185947,0.638,0.523,0.357,0.005,0.422,139.9
Hotline Bling,Drake,pop,2015,267024,0.896,0.623,0.057,0.003,0.585,135.0
Mayor que yo,Tonny Tun Tun,latin,2012,249680,0.66,0.793,0.329,0.472,0.749,179.5
Privacy,Chris Brown,rap,2017,220964,0.741,0.58,0.378,0.153,0.428,97.1
Button Up,Odd Chap,edm,2018,203077,0.822,0.891,0.064,0.213,0.72,104.0
Mi Gente (feat. Beyoncé),J Balvin,pop,2017,209733,0.759,0.716,0.082,0.022,0.469,105.0
Smoke on the Water,Deep Purple,rock,1980,337613,0.616,0.612,0.028,0.169,0.897,114.6
Kochaj Mnie,Szpaku,rap,2019,185143,0.514,0.546,0.068,0.306,0.085,139.6
Haven,Finesse,rap,2020,137180,0.687,0.188,0.068,0.687,0.908,168.1
Detras De Ti,Morty,latin,2019,156610,0.876,0.643,0.101,0.245,0.752,118.0
JLT (Just Like That) - Radio Edit,Sidney Housen,edm,2014,200625,0.605,0.848,0.1,0.25,0.38,128.0
Me Llamas (feat. Maluma) - Remix,Piso 21,latin,2016,210323,0.76,0.838,0.053,0.547,0.745,93.0
Blanco,J Balvin,pop,2019,145800,0.87,0.706,0.126,0.025,0.593,100.0
Bunker,Sa4,rap,2017,137856,0.529,0.685,0.392,0.246,0.644,93.1
Mi Gente,J Balvin,latin,2017,189440,0.543,0.677,0.099,0.015,0.294,103.8
Made For You,John De Sohn,edm,2019,196480,0.628,0.673,0.041,0.019,0.57,150.0
Feels Good,Jay Made,edm,2019,221722,0.773,0.598,0.043,0.018,0.797,100.0
Exodus,$uicideBoy$,rap,2015,126224,0.607,0.749,0.073,0.006,0.18,121.8
Ratchet,DJ White Shadow,pop,2013,241739,0.691,0.964,0.075,0.002,0.297,138.0
Dvd,Mlodyskiny,rap,2018,147822,0.821,0.49,0.202,0.145,0.665,85.0
You Want This,LOOPERS,edm,2019,134048,0.732,0.93,0.105,0.003,0.571,126.0
Gutter (feat. Bryan Mg & CSPRODUCER),Architrackz,latin,2019,193655,0.737,0.494,0.145,0.795,0.765,81.0
Express Yourself - Remastered 2000,N.W.A.,rap,2008,263093,0.807,0.794,0.275,0.006,0.966,95.1
Tuesday (feat. Drake),ILOVEMAKONNEN,edm,2014,321987,0.77,0.664,0.211,0.215,0.472,140.2
Single Ladies (Put a Ring on It),Beyoncé,latin,2008,193213,0.426,0.584,0.296,0.038,0.272,193.4
Primera Cita - Recorded at Electric Lady Studios NYC,CNCO,latin,2019,258938,0.458,0.34,0.027,0.708,0.546,88.9
Speed Up (Original),Funkerman,edm,2008,398453,0.812,0.65,0.041,0.0,0.563,127.0
Trojan - Original Mix,Sidney Samson,edm,2014,316875,0.762,0.68,0.052,0.0,0.033,128.0
Where The Streets Have No Name - Single Edit,U2,rock,1998,276132,0.504,0.857,0.038,0.012,0.354,125.6
Black Hole Sun,Soundgarden,rock,1994,318000,0.361,0.728,0.037,0.0,0.155,105.8
Santa Baby,Eartha Kitt,r&b,2012,211240,0.722,0.077,0.055,0.969,0.484,84.9
The Pleasure Principle,Janet Jackson,r&b,1986,299933,0.663,0.685,0.051,0.431,0.894,116.8
The Nights,Avicii,pop,2014,176658,0.527,0.835,0.043,0.017,0.654,126.0
People Are People,Depeche Mode,rock,1984,231960,0.68,0.829,0.062,0.079,0.814,120.0
One Thing Right - Koni Remix,Marshmello,latin,2019,148986,0.646,0.792,0.066,0.011,0.37,105.1
1000 Times,Roger Melo,edm,2017,218494,0.666,0.869,0.036,0.007,0.633,118.0
I Got Swag,50 Cent,rap,2009,214707,0.63,0.871,0.326,0.015,0.509,181.3
Tres Deseos (Three Wishes),ITA - CACHAO,latin,1995,212373,0.84,0.899,0.059,0.363,0.971,130.9
If You Ever (feat. 6LACK),Nao,r&b,2018,221736,0.488,0.62,0.123,0.09,0.378,112.0
Voices Carry,'Til Tuesday,rock,1985,263573,0.583,0.574,0.024,0.028,0.578,105.0
Criminal,Grey,pop,2019,148880,0.674,0.519,0.045,0.4,0.29,103.9
Rock Candy - Remastered LP Verison,Montrose,rock,2000,305827,0.274,0.744,0.036,0.002,0.761,158.6
All My Life,K-Ci & JoJo,r&b,1997,331240,0.629,0.511,0.033,0.114,0.181,128.0
shut up,Greyson Chance,pop,2019,170364,0.821,0.448,0.047,0.296,0.45,105.0
Just the Same,Pillows,edm,2019,129500,0.726,0.573,0.054,0.021,0.559,120.0
Atmosphere - 2010 Remaster,Joy Division,rock,2010,249479,0.615,0.386,0.032,0.227,0.442,120.0
True Believer,Santa Cruz,rock,2019,201547,0.486,0.979,0.086,0.001,0.518,123.9
Drivin’ Around Song (feat. Jason Aldean),Colt Ford,rap,2012,220125,0.613,0.709,0.039,0.082,0.523,135.0
Against the World - Radio Edit,Morgan Page,edm,2013,228760,0.664,0.66,0.044,0.003,0.286,127.9
Wish Wish (feat. Cardi B & 21 Savage),DJ Khaled,rap,2019,202625,0.861,0.666,0.343,0.002,0.853,145.0
Clarity,Zedd,edm,2012,271427,0.523,0.78,0.075,0.038,0.187,128.0
Borro Cassette,Maluma,latin,2015,207307,0.73,0.701,0.106,0.132,0.785,176.0
Drogadicto en Serie,Crack Family,rap,2010,206106,0.767,0.667,0.322,0.278,0.858,94.3
I Never Loved a Man (The Way I Love You),Aretha Franklin,r&b,1967,171773,0.657,0.371,0.036,0.367,0.709,134.9
Space Oddity - 1999 Remaster,David Bowie,rock,1969,316333,0.31,0.423,0.032,0.017,0.457,136.2
Así,Tayl G,latin,2019,276427,0.622,0.836,0.137,0.361,0.426,198.0
I Hate Everything About You,Three Days Grace,rock,2007,231480,0.498,0.83,0.042,0.005,0.453,89.3
Selfish - DVLM & Brennan Heart VIP Remix,Dimitri Vegas & Like Mike,edm,2019,173868,0.348,0.909,0.15,0.029,0.494,148.1
Bad Boy Ken (feat. Siri),Badpojken,edm,2017,174708,0.74,0.771,0.118,0.23,0.592,124.1
Cariño Mío,Chyno Miranda,latin,2019,197107,0.864,0.751,0.14,0.06,0.867,112.0
No Good,Ally Brooke,r&b,2019,191091,0.684,0.773,0.04,0.161,0.689,120.0
Donna,The Inoculated Canaries,rock,2019,246093,0.452,0.726,0.051,0.003,0.811,176.1
Big Boy Diamonds (feat. Kodak Black & London on Da Track),Gucci Mane,rap,2019,151482,0.883,0.635,0.299,0.031,0.542,129.0
Bruises - Steve Void Remix,Lewis Capaldi,pop,2019,212280,0.79,0.746,0.05,0.241,0.538,125.0
Radar Love,Golden Earring,rock,1973,386707,0.504,0.719,0.043,0.009,0.177,102.1
Uptown Girl,Billy Joel,pop,2001,194867,0.696,0.943,0.043,0.074,0.833,129.0
Gangsta,Darkoo,latin,2019,216000,0.708,0.649,0.306,0.367,0.595,200.1
Heroes (we could be) - Branchez Remix,Alesso,pop,2014,204907,0.662,0.487,0.032,0.474,0.33,122.1
I'll Be Good,Jaymes Young,pop,2017,247347,0.389,0.277,0.032,0.698,0.125,89.3
Funk You,Tujamo,edm,2018,168197,0.744,0.969,0.119,0.214,0.153,125.8
I'm Shipping Up To Boston,Dropkick Murphys,rock,2005,153600,0.452,0.928,0.079,0.001,0.6,129.2
Bruises - Steve Void Remix,Lewis Capaldi,edm,2019,212280,0.79,0.746,0.05,0.241,0.538,125.0
Borrowed Time,Parquet Courts,pop,2013,152040,0.4,0.726,0.031,0.045,0.806,92.3
Paiso,Hans Grants,latin,2014,216832,0.595,0.551,0.509,0.452,0.597,170.1
Deep,Summer Walker,r&b,2018,92093,0.646,0.335,0.247,0.626,0.419,167.9
Code Of The Streets,Gang Starr,rap,2006,207133,0.617,0.878,0.167,0.002,0.823,193.4
Ascension (Don't Ever Wonder),Maxwell,r&b,1996,346133,0.753,0.471,0.032,0.08,0.778,96.0
Letting Go,Hogland,edm,2019,192089,0.667,0.635,0.036,0.053,0.217,119.9
Pull the Pins,This Is Not Utopia,rock,2017,204324,0.445,0.97,0.069,0.0,0.239,90.0
Phantom of the Pines,Upchurch,rap,2018,168368,0.448,0.846,0.054,0.001,0.391,144.9
Hold the Line,TOTO,rock,1978,235800,0.494,0.698,0.055,0.04,0.778,95.8
From the Inside,Alice Cooper,rock,1978,235240,0.641,0.696,0.03,0.001,0.671,117.1
El Poeta,Chino & Nacho,latin,2011,237907,0.744,0.727,0.049,0.301,0.728,120.0
Don't Know How,Caj Morgan,latin,2019,195122,0.622,0.838,0.031,0.008,0.164,123.1
Unbelievable,Andrew Roman,pop,2019,233143,0.741,0.565,0.043,0.497,0.566,105.1
Don't Stop Believin',Journey,rock,1978,248827,0.492,0.782,0.04,0.222,0.472,119.2
Another Love,Marco McKinnis,r&b,2018,185400,0.521,0.477,0.105,0.448,0.127,139.6
Drum Code,David Fesser,latin,2016,224072,0.769,0.863,0.071,0.004,0.153,128.0
Wolves,Selena Gomez,edm,2017,197993,0.724,0.804,0.045,0.124,0.306,125.0
Light - Deep Mix,Jerome,edm,2019,189048,0.634,0.767,0.058,0.098,0.103,126.0
My Death,Scott Walker,rock,1967,297480,0.255,0.372,0.042,0.291,0.392,82.4
Under Water,Max M,edm,2019,196471,0.738,0.54,0.052,0.098,0.665,102.0
Oye Pablo,Danna Paola,latin,2019,177747,0.699,0.65,0.171,0.033,0.52,179.8
Running Blind,Theo Kandel,pop,2019,224613,0.724,0.497,0.104,0.054,0.576,154.9
Lifted,Otherwise,rock,2019,176760,0.631,0.781,0.039,0.0,0.698,90.0
Strange Direction,Brothers Page,rock,2019,231345,0.62,0.73,0.209,0.01,0.523,96.0
Renee,SALES,pop,2014,179125,0.924,0.386,0.055,0.755,0.424,109.0
Alive,Many Moor,edm,2016,222187,0.725,0.71,0.029,0.014,0.72,128.0
Back To Life (However Do You Want Me) - Remastered,Soul II Soul,r&b,2003,228893,0.813,0.569,0.133,0.047,0.636,101.0
JLT (Just Like That) - Radio Edit,Sidney Housen,edm,2014,200625,0.605,0.848,0.1,0.25,0.38,128.0
Split (Only U),Tiësto,edm,2015,256641,0.634,0.927,0.136,0.048,0.35,128.0
Fix Me - Official Parookaville 2016 Anthem / Radio Edit,twoloud,edm,2016,193501,0.497,0.676,0.032,0.007,0.226,126.1
Mercy,Shawn Mendes,edm,2016,208733,0.568,0.686,0.09,0.133,0.4,148.3
Here Comes the Sun,Mauve,latin,2019,160000,0.81,0.578,0.034,0.105,0.431,120.0
Saftige Schluhas,Olexesh,rap,2016,312139,0.76,0.901,0.319,0.055,0.733,160.0
Ransom,Lil Tecca,rap,2019,131248,0.745,0.642,0.287,0.02,0.226,180.0
Put A Little Love On Me,Niall Horan,r&b,2019,224586,0.584,0.465,0.026,0.678,0.299,96.0
Take Off,Erlandsson,edm,2018,183765,0.619,0.639,0.054,0.019,0.2,128.0
Back To The Middle,India.Arie,r&b,2001,311240,0.676,0.511,0.031,0.394,0.383,184.0
Don't Answer (feat. Wiley),KAMILLE,latin,2019,163427,0.701,0.789,0.075,0.004,0.62,143.0
Under Water,Max M,edm,2019,196471,0.738,0.54,0.052,0.098,0.665,102.0
"Build God, Then We'll Talk",Panic! At The Disco,rock,2005,220720,0.418,0.827,0.048,0.138,0.448,124.5
Let Me Love You,DJ Snake,edm,2016,205947,0.649,0.716,0.035,0.086,0.163,100.0
47 - Remix,Anuel AA,latin,2017,517810,0.711,0.699,0.193,0.248,0.376,146.0
I Warned Myself,Charlie Puth,pop,2019,159783,0.488,0.311,0.297,0.562,0.579,184.1
Lessons In Love,Level 42,rock,1987,246013,0.709,0.839,0.037,0.159,0.864,113.2
Never Enough,Groove Theory,r&b,1997,266573,0.762,0.521,0.136,0.075,0.915,82.0
Ponta De Areia,Esperanza Spalding,r&b,2008,336707,0.552,0.431,0.035,0.384,0.643,84.3
Fairweather Friend,Johnny Gill,r&b,1990,276427,0.721,0.803,0.052,0.01,0.786,105.1
Matrix,W&W,edm,2019,256848,0.593,0.901,0.156,0.016,0.172,137.8
Tribe,Dav the Ninja,rap,2019,219429,0.732,0.695,0.116,0.194,0.338,140.0
The Ghost in You,The Psychedelic Furs,rock,1984,256000,0.586,0.51,0.028,0.079,0.723,123.5
Stop Draggin' My Heart Around (with Tom Petty and The Heartbreakers) - 2016 Remaster,Stevie Nicks,rock,1981,244440,0.631,0.597,0.026,0.379,0.665,107.3
B.L.O.W.,Tory Lanez,r&b,2015,280173,0.673,0.692,0.349,0.03,0.276,129.8
Gonna Love Me,Teyana Taylor,r&b,2018,166998,0.514,0.506,0.28,0.402,0.312,88.0
No One Else,AMiR,r&b,2018,197532,0.862,0.676,0.136,0.053,0.602,106.0
Primer,DubVision,edm,2016,186516,0.681,0.864,0.049,0.026,0.249,128.0
Himmel grau,The Cratez,rap,2019,176229,0.495,0.619,0.154,0.381,0.141,93.5
Faithfully,Journey,rock,2001,266267,0.393,0.547,0.029,0.263,0.307,129.7
Reload - Radio Edit,Sebastian Ingrosso,edm,2013,221273,0.485,0.724,0.052,0.074,0.433,128.0
DI MI NOMBRE - Cap.8: Éxtasis,ROSALÍA,r&b,2018,162377,0.794,0.534,0.131,0.885,0.547,91.9
Tom Sawyer,Rush,rock,1981,276880,0.536,0.901,0.037,0.001,0.666,87.6
The Motion Of Love,Gene Loves Jezebel,rock,1987,233400,0.565,0.73,0.04,0.044,0.692,111.6
BITCH (takes one to know one),Lennon Stella,pop,2019,183840,0.746,0.55,0.06,0.031,0.522,97.0
A nach B,LOKO BEN,rap,2017,217851,0.485,0.73,0.476,0.596,0.57,179.3
Mek It Bunx Up,DeeWunn,rap,2013,215700,0.947,0.806,0.296,0.008,0.634,100.0
Softest Place On Earth,Xscape,r&b,1998,256720,0.773,0.309,0.034,0.415,0.42,128.1
Let Me Love You,DJ Snake,pop,2016,205947,0.649,0.716,0.035,0.086,0.163,100.0
Rock The House,Afrojack,edm,2012,230792,0.69,0.841,0.087,0.018,0.539,130.1
Big in Japan - Best of-Version,Alphaville,rock,1991,235200,0.755,0.604,0.045,0.183,0.491,97.8
Pure Cocaine,Lil Baby,rap,2018,154024,0.964,0.487,0.421,0.001,0.107,127.0
Brick in the Wall,Guustavv,latin,2019,140282,0.77,0.607,0.048,0.645,0.387,142.0
"Take Yours, I'll Take Mine",Matthew Mole,pop,2014,223680,0.682,0.597,0.04,0.564,0.465,138.1
Chante's Got A Man,Chanté Moore,r&b,2004,264400,0.747,0.62,0.061,0.177,0.517,111.5
Been There Done That,Dr. Dre,rap,1996,310440,0.494,0.724,0.329,0.006,0.534,86.2
Hokus Pokus,Olexesh,rap,2014,252823,0.555,0.801,0.495,0.042,0.343,116.9
Meds,Placebo,rock,2006,175387,0.512,0.909,0.104,0.098,0.283,155.1
Rangos,Pekeño 77,rap,2019,128880,0.945,0.565,0.159,0.113,0.509,119.9
Numb,John Nonny,rap,2019,174520,0.622,0.664,0.041,0.379,0.447,140.0
"Bigger Life - Live @ Königsplatz München, 15.09.19",Michael Patrick Kelly,rock,2019,296747,0.59,0.639,0.031,0.069,0.385,106.0
"Like Father, Like Son",Struggle Jennings,rap,2016,265176,0.608,0.665,0.035,0.051,0.206,90.0
My Generation - Original Mono Version,The Who,rock,2009,197773,0.375,0.832,0.093,0.224,0.764,96.0
Fantasía,Ozuna,latin,2019,175187,0.692,0.727,0.094,0.208,0.786,180.1
Aunque Es De Noche,ROSALÍA,r&b,2017,253109,0.698,0.29,0.051,0.914,0.398,137.9
Like I Do,AWA,r&b,2019,233671,0.758,0.629,0.206,0.4,0.663,92.1
Te Quiero Pa´Mi,Don Omar,latin,2016,211627,0.759,0.812,0.059,0.122,0.661,89.0
Come First,Terror Jr,edm,2016,171789,0.893,0.199,0.239,0.124,0.339,95.1
Me Muero,La Quinta Estacion,latin,2006,189560,0.424,0.74,0.035,0.171,0.585,169.9
Bang Screw,Lil C,rap,2012,379437,0.531,0.657,0.454,0.109,0.464,138.5
One Little Christmas Tree,Stevie Wonder,r&b,2004,167413,0.353,0.354,0.058,0.797,0.71,90.6
As If It's Your Last,BLACKPINK,pop,2017,213264,0.786,0.853,0.082,0.069,0.45,125.0
Love For Latinas - Radio Edit,Kramder,edm,2019,218880,0.623,0.929,0.095,0.004,0.704,125.0
High,Young Rising Sons,pop,2014,165720,0.646,0.85,0.043,0.028,0.518,117.0
Sick Flow,Lil Cuete,latin,2004,220627,0.841,0.847,0.117,0.067,0.805,102.0
Runaway Life - Henri Purnell Remix,Lu & Sowlmate,latin,2018,207285,0.739,0.646,0.043,0.355,0.615,117.9
Eclypse,BEATSMASH,rap,2020,212000,0.367,0.742,0.035,0.085,0.223,149.9
Wild Thoughts,DJ Khaled,pop,2017,204664,0.613,0.681,0.078,0.029,0.619,97.6
Peninsula,Flughand,rap,2017,140140,0.496,0.101,0.292,0.65,0.62,59.6
Get Down,Nas,rap,2002,244253,0.835,0.718,0.232,0.042,0.507,94.4
It's Only Time,Cabela and Schmitt,latin,2017,271789,0.397,0.575,0.041,0.022,0.247,220.3
At Your Best (You Are Love),Aaliyah,r&b,1994,289893,0.622,0.463,0.031,0.735,0.576,78.1
Perfect Machine,Herbie Hancock,pop,1988,395440,0.877,0.878,0.068,0.266,0.839,117.9
Lodi Dodi (feat. Nancy Fletcher),Snoop Dogg,rap,1993,301400,0.49,0.763,0.108,0.011,0.632,79.0
Look Away - Steve Void Remix,Stephen Puth,latin,2019,159344,0.71,0.743,0.042,0.04,0.468,122.0
Jannaya,Orheyn,rap,2017,195997,0.612,0.49,0.092,0.24,0.894,152.0
Rise Up,Saliva,rock,2014,188225,0.497,0.887,0.052,0.0,0.499,172.1
Oh Sherrie,Steve Perry,rock,1984,229347,0.333,0.695,0.046,0.372,0.317,203.8
Wherever You Will Go,The Calling,rock,2011,209360,0.551,0.696,0.026,0.039,0.354,112.0
Sticky,Ravyn Lenae,r&b,2017,196755,0.712,0.846,0.054,0.034,0.573,120.0
Ode To Billie Joe,Bobbie Gentry,rock,1967,255002,0.637,0.189,0.047,0.721,0.695,120.1
君のハートはマリンブルー,オメガトライブ,r&b,1984,294907,0.602,0.794,0.027,0.387,0.624,113.6
Can't You See (feat. The Notorious B.I.G.),Total,r&b,1996,281880,0.744,0.574,0.065,0.165,0.805,86.3
Make A Move - Pt. 2,EMMA WAHLIN,r&b,2020,181200,0.837,0.52,0.14,0.617,0.463,124.0
Quisiera - Unplugged,Pasabordo,latin,2019,181250,0.716,0.603,0.322,0.721,0.531,144.8
Mueve Tus Caderas - Live,Miguel Rios,rock,2005,97920,0.545,0.877,0.036,0.066,0.961,140.0
Feels Like Home,Sam Feldt,latin,2016,190380,0.696,0.851,0.033,0.131,0.455,118.0
Ohomi,Sonny Okosun,rock,2010,190653,0.689,0.789,0.054,0.298,0.833,117.9
La soledad - Versión 2001,Laura Pausini,latin,2001,263493,0.593,0.349,0.028,0.722,0.218,124.0
Glitterball,Sigma,pop,2015,226308,0.496,0.812,0.034,0.038,0.222,140.0
Ponte Bonita,Arcangel,latin,2019,193099,0.677,0.679,0.163,0.439,0.852,176.0
Movie,Tom Misch,r&b,2018,357357,0.785,0.379,0.073,0.391,0.182,122.0
Leave It All Behind,Cult To Follow,rock,2011,224087,0.643,0.954,0.108,0.005,0.54,115.0
Partly Sunny,Joey Pecoraro,latin,2017,173910,0.735,0.411,0.076,0.32,0.611,88.0
Royal Pigs,Broken Baby,rock,2019,201056,0.455,0.898,0.048,0.0,0.709,180.1
Hold Me Close,PuFFcorn,edm,2020,196348,0.508,0.682,0.049,0.022,0.309,127.9
Right Here,Jess Glynne,pop,2014,220549,0.801,0.8,0.046,0.033,0.811,120.0
Behind Barz - Bonus,Drake,r&b,2019,163121,0.854,0.554,0.172,0.769,0.272,142.1
Ransom,Lil Tecca,rap,2019,131248,0.745,0.642,0.287,0.02,0.226,180.0
La Ola,Marco Mares,latin,2019,203576,0.707,0.703,0.053,0.542,0.759,77.0
Before You Go,Lewis Capaldi,pop,2019,215107,0.459,0.575,0.057,0.604,0.183,111.9
Lines,Big Boi,rap,2012,204160,0.591,0.652,0.21,0.075,0.243,84.8
Ya Baba,ALAWIE,latin,2020,163750,0.862,0.682,0.103,0.283,0.903,120.1
Rajaner,Kizo,rap,2019,131495,0.82,0.751,0.098,0.212,0.601,125.0
Bury Myself Alive,Downplay,rock,2012,204547,0.488,0.876,0.044,0.0,0.424,92.0
Lonely Is The Night - Remastered,Billy Squier,rock,1981,281453,0.347,0.803,0.042,0.209,0.672,85.4
Find Our Way,Midnight Kids,edm,2018,206609,0.535,0.615,0.03,0.276,0.377,115.0
Monster - Robin Schulz Remix,LUM!X,edm,2019,165947,0.475,0.815,0.124,0.133,0.48,126.2
Easy Livin',Uriah Heep,rock,1972,154973,0.263,0.807,0.084,0.0,0.461,160.5
Ghost Story,Coldplay,rock,2014,257373,0.595,0.638,0.031,0.104,0.51,122.0
Massive Selecta - Radio Edit,Kastenholt & Dee,edm,2012,187240,0.736,0.957,0.117,0.003,0.677,128.0
The Kid I Used to Know,Arrested Youth,rap,2019,145801,0.638,0.776,0.083,0.073,0.267,160.1
DNA.,Kendrick Lamar,rap,2017,185947,0.638,0.523,0.357,0.005,0.422,139.9
Let's Get It On,Marvin Gaye,rock,1973,290960,0.55,0.611,0.044,0.039,0.626,168.5
Let's Get Ill - Jay Karama Remix,Kid Kenobi,edm,2014,206250,0.657,0.934,0.051,0.0,0.237,128.0
"Esta Noche (feat. Portavoz, Niel & Evelyn Cornejo)",Cidtronyck,latin,2017,268907,0.738,0.671,0.226,0.176,0.607,88.0
Sally (That Girl),Gucci Crew II,rap,2017,241360,0.954,0.465,0.244,0.001,0.658,130.0
Back Again,Bullistik,edm,2019,166452,0.537,0.811,0.05,0.0,0.305,127.9
Rasputin - Radio Edit,Hard Rock Sofa,edm,2013,170507,0.531,0.973,0.04,0.035,0.13,128.0
Fire Away,Chris Stapleton,r&b,2015,244333,0.559,0.301,0.03,0.055,0.177,116.1
Let's Go To My Crib,Voltio,latin,2006,219133,0.753,0.65,0.047,0.012,0.639,94.0
Your Smiling Face,James Taylor,rock,1977,165400,0.683,0.515,0.059,0.137,0.767,88.8
Spud Webb,Danny Boone,rap,2014,251069,0.703,0.705,0.072,0.047,0.57,150.0
romance361,iann dior,rap,2019,181290,0.713,0.632,0.105,0.059,0.373,170.0
Imagine,Aruhtra,latin,2019,216000,0.497,0.896,0.236,0.272,0.778,118.4
First Off (feat. Travis Scott),Future,r&b,2019,228367,0.734,0.683,0.078,0.013,0.445,162.0
Coming Home,Citna,latin,2019,171500,0.746,0.566,0.046,0.048,0.621,120.0
Bitter Sweet Symphony,The Verve,rock,1997,357267,0.356,0.917,0.048,0.034,0.518,171.2
Unbelievable,Andrew Roman,latin,2019,233143,0.741,0.565,0.043,0.497,0.566,105.1
Right here,Maxess,edm,2016,202002,0.523,0.712,0.034,0.002,0.184,92.0
Saturday's Generation,オメガトライブ,rock,1984,282427,0.608,0.612,0.032,0.296,0.264,140.9
Fantasy,Laureano,pop,2019,203000,0.773,0.709,0.08,0.031,0.594,120.0
Bajo El Agua,Manuel Medrano,latin,2015,225839,0.616,0.454,0.027,0.767,0.249,100.0
I'll Be Missing You (feat. 112),Diddy,r&b,2004,301520,0.862,0.479,0.065,0.052,0.925,109.9
Never Been Any Reason,Head East,rock,1975,310267,0.517,0.447,0.042,0.001,0.894,134.8
Ex-Factor,Ms. Lauryn Hill,r&b,1998,326533,0.593,0.619,0.098,0.118,0.668,80.0
Fireflies,Owl City,latin,2009,228347,0.513,0.661,0.044,0.027,0.461,180.1
Thing Called Love,Kevin Ross,r&b,2019,197463,0.674,0.415,0.071,0.3,0.632,74.0
So Good,Morello Twins,edm,2019,133125,0.651,0.941,0.043,0.008,0.154,127.9
Take Care,BCX,pop,2015,191797,0.805,0.637,0.036,0.093,0.577,120.0
Supalonely,BENEE,pop,2019,223480,0.863,0.631,0.053,0.305,0.817,129.0
Por Amar A Ciegas,Arcangel,latin,2008,234027,0.564,0.684,0.035,0.046,0.404,120.0
Wanted,Hunter Hayes,latin,2011,228840,0.421,0.476,0.03,0.268,0.3,169.8
Fancy,Iggy Azalea,pop,2014,199938,0.912,0.716,0.07,0.09,0.377,95.0
Hold the Line,TOTO,rock,1978,235800,0.494,0.698,0.055,0.04,0.778,95.8
Lowlife,Josh A,rap,2019,94582,0.722,0.791,0.245,0.143,0.332,160.1
RAWSIDE,GRAVEDGR,edm,2019,204182,0.59,0.97,0.287,0.071,0.119,82.5
Let's Get Blown,Snoop Dogg,r&b,2004,280667,0.939,0.634,0.195,0.409,0.717,106.0
In My Mind - Extended Mix,UOAK,edm,2019,263415,0.703,0.78,0.032,0.001,0.899,123.0
Wolves,Selena Gomez,pop,2017,197993,0.724,0.804,0.045,0.124,0.306,125.0
What Child Is This,Kelly Price,r&b,2001,332042,0.668,0.525,0.218,0.623,0.586,150.2
Diamonds and Rust,Judas Priest,rock,2009,203533,0.469,0.875,0.095,0.069,0.377,134.4
La Voz,Delinquent Habits,latin,2017,202555,0.689,0.778,0.11,0.022,0.235,106.2
Money Note,Camille,rock,2008,382386,0.846,0.797,0.082,0.367,0.877,122.0
House Music,HUGEL,edm,2019,224816,0.886,0.861,0.128,0.018,0.751,126.0
Up All Night,blink-182,pop,2011,199707,0.476,0.896,0.054,0.0,0.45,156.0
holy terrain,FKA twigs,r&b,2019,243000,0.534,0.578,0.123,0.366,0.252,159.8
Another Life,D'Angelo,r&b,2014,358627,0.572,0.61,0.045,0.127,0.364,71.3
Ordinary Day,Cali Life Style,latin,2013,211533,0.837,0.587,0.259,0.038,0.505,114.6
Dawn Chorus,Thom Yorke,rock,2019,323080,0.261,0.174,0.035,0.854,0.039,139.0
Tringeling,Johnny 500,latin,2018,177759,0.709,0.845,0.199,0.105,0.529,99.0
Mercy,Shawn Mendes,r&b,2016,208733,0.568,0.686,0.09,0.133,0.4,148.3
One Kiss (with Dua Lipa),Calvin Harris,pop,2018,214847,0.791,0.862,0.11,0.037,0.592,124.0
Tecno,Crossnaders,edm,2019,187200,0.685,0.977,0.149,0.001,0.255,125.1
Lighthouse - Radio Edit,Nicky Romero,edm,2015,186562,0.604,0.699,0.062,0.021,0.367,128.1
Faded,NERVO,edm,2019,189878,0.685,0.807,0.046,0.002,0.149,138.0
New Orleans,Jelly Roll,rap,2018,238068,0.751,0.658,0.146,0.047,0.261,117.0
The Millionaire Waltz - Remastered 2011,Queen,rock,1976,295333,0.323,0.338,0.033,0.617,0.37,93.2
Klsp,Sponge Cola,rock,2013,216507,0.469,0.919,0.043,0.075,0.463,85.1
Wicked Games,The Hot Damns,rap,2014,193765,0.484,0.543,0.027,0.0,0.638,85.0
Be Sure,Ballin Entertainment,latin,2008,138710,0.622,0.82,0.055,0.002,0.707,128.0
Panda,Desiigner,rap,2016,247867,0.679,0.734,0.444,0.024,0.245,145.0
when the party's over,Billie Eilish,r&b,2018,199931,0.498,0.104,0.062,0.979,0.205,124.0
Disimula,Sitoonce,latin,2019,223004,0.776,0.769,0.076,0.202,0.721,176.0
Un autre que moi,Fishbach,pop,2018,184147,0.76,0.634,0.05,0.026,0.918,102.0
Save the Rave,Tommie Sunshine,edm,2018,217202,0.784,0.883,0.118,0.006,0.778,126.0
Coming 2 America,Ludacris,rap,2001,261947,0.625,0.885,0.352,0.137,0.712,160.0
Tenemos Que Hablar,Bad Bunny,latin,2018,224512,0.855,0.512,0.053,0.146,0.144,146.1
Baila Baila Baila,Ozuna,latin,2019,158400,0.816,0.754,0.111,0.036,0.533,100.0
Cemetry Gates - 2011 Remaster,The Smiths,rock,1986,161040,0.55,0.796,0.031,0.151,0.622,105.4
Superpowers,Dallas,edm,2019,169043,0.831,0.388,0.117,0.093,0.179,115.0
Dakota,Stereophonics,rock,2005,297427,0.506,0.93,0.068,0.129,0.305,147.0
Good Drank 2.0,2 Chainz,rap,2017,247385,0.789,0.715,0.178,0.367,0.39,130.0
Hands Tied Down - Luhv & Friz Remix,Zuma.,edm,2019,277403,0.883,0.725,0.095,0.106,0.584,128.0
Party Crashers - Original Mix,Tomsize,edm,2014,196818,0.524,0.831,0.051,0.001,0.151,132.0
Donna,The Inoculated Canaries,rock,2019,246093,0.452,0.726,0.051,0.003,0.811,176.1
Shame,"Evelyn ""Champagne"" King",rock,2005,393240,0.679,0.85,0.037,0.003,0.822,134.5
Repeat After Me,Dimitri Vegas & Like Mike,edm,2019,194261,0.321,0.939,0.062,0.003,0.179,131.9
10%,KAYTRANADA,r&b,2019,186680,0.794,0.757,0.123,0.027,0.615,108.0
There for You,Martin Garrix,edm,2017,221904,0.611,0.644,0.055,0.124,0.13,106.0
Butterfly - Wolfgang Lohr Remix,Swingrowers,edm,2017,350476,0.716,0.972,0.057,0.229,0.755,126.0
yes & no,XYLØ,pop,2019,178983,0.835,0.505,0.168,0.286,0.665,118.0
German,No Money Enterprise,rap,2019,234791,0.786,0.847,0.141,0.098,0.509,139.9
Generé,Bipo Montana,rap,2019,219786,0.743,0.565,0.324,0.778,0.753,88.0
Fire,TV Noise,edm,2018,154754,0.751,0.881,0.197,0.01,0.449,128.0
High And Dry,Radiohead,pop,2014,257480,0.418,0.383,0.026,0.072,0.352,87.8
I Feel Like I'm Drowning,Two Feet,pop,2017,186267,0.715,0.564,0.046,0.676,0.213,104.9
Molly,Cedric Gervais,edm,2012,409907,0.637,0.927,0.124,0.006,0.405,126.0
Something About You - ODESZA Remix,Hayden James,latin,2015,343800,0.705,0.674,0.04,0.018,0.103,105.0
Molly,Cedric Gervais,edm,2012,409907,0.637,0.927,0.124,0.006,0.405,126.0
Goliath,Heno.,r&b,2018,134269,0.552,0.587,0.182,0.718,0.634,83.7
Drain Me,Sam Sky,r&b,2020,195352,0.382,0.646,0.068,0.04,0.333,77.1
Trojan - Original Mix,Sidney Samson,edm,2014,316875,0.762,0.68,0.052,0.0,0.033,128.0
Hasta el Amanecer,Nicky Jam,latin,2016,197213,0.837,0.608,0.038,0.283,0.582,94.0
Non Stop Never Stop,Harvio,latin,2019,186618,0.689,0.637,0.041,0.153,0.224,114.0
Piropo,Noriel,latin,2019,220133,0.866,0.747,0.072,0.122,0.772,94.0
Everybody Hates Me - Steerner Remix,The Chainsmokers,edm,2018,176667,0.453,0.863,0.096,0.067,0.499,154.9
Großstadtdschungel,Miami Yacine,rap,2017,229880,0.778,0.712,0.244,0.212,0.181,117.9
Wilhelm Scream,The Bamboos,r&b,2012,268040,0.565,0.621,0.026,0.008,0.403,150.0
Like You Boy,Pards,edm,2019,173714,0.81,0.541,0.055,0.175,0.701,105.0
Saoco,Wisin,latin,2004,184907,0.844,0.862,0.114,0.132,0.816,96.0
Freewill,Rush,rock,1980,321800,0.485,0.935,0.07,0.011,0.68,155.6
On The Low,Burna Boy,r&b,2019,185899,0.816,0.781,0.042,0.692,0.937,100.0
Al Telefono,Cesare Cremonini,r&b,2019,287240,0.469,0.507,0.036,0.005,0.039,149.9
Hit Me,Molotov,rap,2003,256387,0.7,0.818,0.036,0.518,0.442,90.0
Let Me Love You,DJ Snake,pop,2016,205947,0.649,0.716,0.035,0.086,0.163,100.0
10 Bands,Joyner Lucas,rap,2019,214155,0.893,0.839,0.067,0.091,0.801,130.0
Bartender,Alexis y Fido,latin,2014,174640,0.829,0.74,0.071,0.008,0.296,116.0
Wine & Chocolates - andhim Remix Radio Version,Theophilus London,edm,2012,226750,0.792,0.769,0.054,0.025,0.545,120.0
Breakaway,Kelly Clarkson,pop,2004,237000,0.268,0.716,0.034,0.042,0.393,160.0
Time & Space - Original Mix,Avalon,edm,2012,434366,0.665,0.897,0.047,0.0,0.101,142.0
Trabalho Lindo,WC no Beat,rap,2018,215339,0.534,0.571,0.083,0.438,0.812,88.0
Feels Like Summer,Weezer,pop,2017,195893,0.53,0.867,0.05,0.02,0.74,176.0
Give It to Em,Akon,latin,2013,306836,0.61,0.75,0.134,0.014,0.255,157.8
Purple Haze,Jimi Hendrix,rock,1967,170813,0.533,0.905,0.075,0.009,0.486,108.9
Post to Be (feat. Chris Brown & Jhene Aiko),Omarion,latin,2014,226581,0.733,0.676,0.043,0.07,0.701,97.4
Plates with Snakes,AZIA,r&b,2019,140289,0.85,0.632,0.295,0.015,0.715,142.0
Follow Me,Vicetone,edm,2015,216786,0.567,0.917,0.034,0.033,0.317,128.0
Radio Love - Dualities Remix,Lucas Estrada,edm,2019,180984,0.718,0.865,0.037,0.022,0.207,121.9
Hábito de Ti - Radio Single,María José,latin,2019,242687,0.602,0.841,0.043,0.028,0.325,100.0
Disk Me,Pabllo Vittar,latin,2018,173137,0.761,0.61,0.045,0.141,0.29,140.0
Full Of Smoke,Christión,r&b,1997,289227,0.389,0.616,0.284,0.453,0.716,145.5
Worth it,MALIYA,r&b,2019,195499,0.573,0.788,0.087,0.001,0.235,96.9
Take From Me,Bad Meets Evil,rap,2011,205589,0.7,0.771,0.226,0.03,0.621,146.9
So Good (feat. Raekwon),Davina,r&b,2015,262013,0.755,0.562,0.154,0.17,0.631,83.0
Yourself,IIWII,pop,2019,154839,0.563,0.783,0.075,0.193,0.281,124.0
Otro Round,Brytiago,rap,2019,270907,0.793,0.699,0.049,0.482,0.855,148.0
Cold Water (feat. Justin Bieber & MØ) - Lost Frequencies Remix,Major Lazer,edm,2016,236304,0.709,0.542,0.038,0.184,0.474,115.0
Outlaw,Sidhu Moose Wala,rap,2019,179375,0.727,0.672,0.043,0.181,0.135,94.0
Phoenix,1986 Omega Tribe,r&b,1987,290493,0.694,0.621,0.036,0.395,0.732,114.1
Lips Like Sugar,Echo & the Bunnymen,rock,1987,291866,0.552,0.934,0.03,0.004,0.863,130.0
You,Five Finger Death Punch,rock,2013,182316,0.564,0.978,0.132,0.0,0.432,136.0
All Day And Night - Jax Jones & Martin Solveig Present Europa,Jax Jones,pop,2018,169303,0.585,0.782,0.09,0.269,0.521,121.9
I Just Wanna Say,Weisser Quiff,rap,2019,170310,0.669,0.8,0.117,0.358,0.179,105.1
Quintessential,Rick Ross,rap,2014,193933,0.813,0.603,0.321,0.316,0.829,123.2
U Know What's Up,Donell Jones,r&b,2010,242427,0.804,0.654,0.041,0.103,0.854,103.0
WHERE U FROM,B Wise,rap,2019,201931,0.8,0.707,0.116,0.029,0.281,145.0
Con Calma,Daddy Yankee,latin,2019,193227,0.737,0.86,0.059,0.11,0.656,94.0
Silly Love Songs - Remastered 2014,Wings,rock,1976,354240,0.742,0.471,0.033,0.134,0.815,125.0
Epoca Del Desmadre,The Psycho Realm,latin,2012,197973,0.568,0.742,0.076,0.008,0.175,99.0
Take Me,CASIOPEA,rock,2010,294467,0.664,0.609,0.037,0.331,0.601,98.1
Love And Choppa,NGC Daddy,rap,2019,140856,0.897,0.513,0.389,0.521,0.798,130.1
Echo,Foreign Air,pop,2016,220747,0.619,0.805,0.034,0.022,0.45,102.0
Pagol,Deep Jandu,rap,2019,219336,0.724,0.498,0.347,0.29,0.869,170.0
Super Hott,Jauz,edm,2019,235430,0.715,0.968,0.339,0.022,0.484,127.9
Roxanne,The Police,rock,1978,191947,0.618,0.748,0.358,0.038,0.663,134.1
Think Twice,Lisa Gey,rock,2013,245813,0.557,0.554,0.036,0.469,0.395,133.9
Luna,Belanova,pop,2014,215880,0.59,0.954,0.043,0.021,0.379,132.0
Triumph (feat. Cappadonna),Wu-Tang Clan,r&b,1997,338187,0.722,0.639,0.373,0.001,0.324,91.0
Te Adoraré,Ricardo Montaner,latin,2019,227520,0.613,0.599,0.034,0.266,0.317,136.1
Monster - Robin Schulz Remix,LUM!X,edm,2019,165947,0.475,0.815,0.124,0.133,0.48,126.2
I Like You,CØDE,edm,2019,134938,0.596,0.657,0.092,0.155,0.581,149.9
All My Life,K-Ci & JoJo,r&b,1997,331240,0.629,0.511,0.033,0.114,0.181,128.0
"Ladies, I Luv 'Em",Father MC,r&b,1992,325400,0.704,0.642,0.127,0.059,0.807,110.1
Immaculate Fools,Immaculate Fools,pop,2010,270667,0.726,0.632,0.028,0.147,0.856,117.0
ALT.COLOUR,Blanke,edm,2019,211067,0.598,0.768,0.206,0.001,0.176,99.2
Go to Sleep - Wahlstedt Remix,John De Sohn,edm,2018,211747,0.783,0.738,0.034,0.009,0.501,126.0
I Know You Know,Esperanza Spalding,r&b,2008,225094,0.578,0.438,0.07,0.737,0.79,89.1
It's Time,Imagine Dragons,pop,2012,237987,0.656,0.884,0.037,0.016,0.86,105.0
Thunder,Imagine Dragons,r&b,2017,187147,0.604,0.826,0.043,0.008,0.241,168.0
Centerfold,The J. Geils Band,rock,1988,217560,0.645,0.593,0.042,0.261,0.916,114.5
Uncle Albert / Admiral Halsey - Medley / Remastered 2012,Paul McCartney,rock,1971,295147,0.371,0.507,0.032,0.58,0.535,91.8
The Rover - 1993 Remaster,Led Zeppelin,rock,1975,336907,0.367,0.752,0.032,0.013,0.401,205.5
Milano Step (Lamin X Artigeardit),Lamin,rap,2020,175383,0.888,0.577,0.262,0.101,0.477,130.1
Rain Forest and Tropical Beach Sound,Nature Sounds Nature Music,latin,2011,240000,0.16,1.0,0.046,0.854,0.0,130.7
D.O.N,Rops1,rap,2019,155939,0.597,0.681,0.323,0.06,0.564,97.0
Bonita,J Balvin,latin,2017,265747,0.775,0.867,0.041,0.013,0.869,96.0
Quimbara,Johnny Pacheco,r&b,1974,291947,0.6,0.633,0.067,0.741,0.966,120.6
The One Thing,INXS,rock,2002,205427,0.449,0.942,0.108,0.049,0.356,137.6
Circles,Post Malone,pop,2019,214907,0.704,0.758,0.04,0.233,0.534,120.0
Stronger (What Doesn't Kill You),Kelly Clarkson,edm,2011,221947,0.562,0.939,0.048,0.046,0.684,116.0
We Hear You,Travel With The Sun,rock,2019,216917,0.485,0.512,0.034,0.008,0.33,145.9
Rewrite,Deeparture,edm,2019,227432,0.578,0.836,0.035,0.003,0.134,120.0
Free Yourself,Fantasia,r&b,2004,257427,0.717,0.449,0.06,0.681,0.611,108.8
Murmuration,Blue Wednesday,pop,2019,156000,0.686,0.373,0.118,0.532,0.203,83.2
Bring That Beat,Bassjackers,edm,2015,252250,0.718,0.977,0.125,0.0,0.311,128.0
One More Time,Alberto Ciccarini,latin,2019,185866,0.775,0.699,0.106,0.314,0.44,104.9
For You,Kenny Lattimore,r&b,1996,236147,0.633,0.42,0.035,0.737,0.482,137.7
Hand Of The Devil,8Ball & MJG,rap,1995,298173,0.783,0.828,0.128,0.031,0.754,156.0
Milky Way,Neil Young,rock,2019,359627,0.584,0.14,0.035,0.807,0.189,75.3
MAD,JETFIRE,edm,2019,177857,0.809,0.96,0.104,0.012,0.545,126.0
Adore You,Harry Styles,edm,2019,207133,0.676,0.771,0.048,0.024,0.569,99.0
Stuck In The Middle With You,Stealers Wheel,rock,1998,206560,0.749,0.74,0.033,0.055,0.962,124.5
Tra Tra Tra Remix,Ghetto Kids,latin,2019,171000,0.847,0.736,0.266,0.053,0.876,160.0
To My Love - Tainy Remix,Bomba Estéreo,pop,2016,251773,0.764,0.59,0.04,0.129,0.281,100.0
Someone Like You,Adele,latin,2011,285240,0.554,0.321,0.028,0.893,0.288,135.0
Land Down Under,Chachi,latin,2015,213708,0.699,0.803,0.033,0.102,0.244,119.9
Still a Survivor,Akon,latin,2013,263049,0.394,0.651,0.046,0.263,0.328,73.4
Gonna Love Me,Teyana Taylor,r&b,2018,166998,0.514,0.506,0.28,0.402,0.312,88.0
Can You Feel Me Now,DJ Screw & The Screwed Up Click,rap,2008,228760,0.686,0.514,0.07,0.004,0.401,73.9
Danger,Steven Vegas,edm,2018,172695,0.699,0.971,0.133,0.003,0.068,132.1
Tenemos Que Hablar,Bad Bunny,rap,2018,224512,0.855,0.512,0.053,0.146,0.144,146.1
On Somebody,Ava Max,latin,2019,184565,0.698,0.742,0.054,0.016,0.767,137.8
Instinct - MXXWLL Edit,BB Diamond,r&b,2015,164682,0.763,0.37,0.513,0.282,0.283,114.1
Soulstice,Freddie Joachim,rap,2019,192375,0.743,0.452,0.131,0.487,0.395,80.0
Globetrotter,Ludvigsson,latin,2019,166299,0.715,0.802,0.03,0.082,0.379,114.0
It Ain't Right,Jenova Collective,edm,2014,242739,0.83,0.962,0.187,0.239,0.425,123.0
How We Lookin' - Original Mix,Sonny Wharton,edm,2015,387188,0.678,0.972,0.066,0.02,0.372,123.9
Higher Place - Bassjackers Remix,Dimitri Vegas & Like Mike,edm,2015,288765,0.677,0.696,0.173,0.004,0.2,128.0
Got Me Loving You,Cheree,latin,2001,201600,0.655,0.814,0.043,0.003,0.653,124.4
Rumors,Club Nouveau,r&b,1998,296533,0.881,0.8,0.041,0.023,0.691,106.4
Call Me,Blondie,rock,1999,212600,0.56,0.825,0.035,0.001,0.74,142.7
Bang Ya Fucking Head,gizmo,rap,2018,154929,0.69,0.76,0.09,0.052,0.08,125.0
Howlin' for You,Kylie Auldist,r&b,2012,215907,0.728,0.626,0.05,0.003,0.353,125.1
Oracle,Timmy Trumpet,edm,2016,180155,0.689,0.77,0.048,0.041,0.161,140.1
Me Alegro de Su Odio 2014,Cartel De Santa,rap,2014,266973,0.751,0.76,0.052,0.162,0.824,140.7
Peaceful Forest,The Sleep Specialist,latin,2017,181204,0.211,0.425,0.054,0.88,0.012,116.9
Daydream,Eli Way,pop,2019,224000,0.389,0.518,0.057,0.009,0.44,90.0
See You Again (feat. Charlie Puth),Wiz Khalifa,edm,2015,229526,0.689,0.481,0.082,0.369,0.283,80.0
Crew Love,Drake,r&b,2011,208813,0.418,0.546,0.238,0.227,0.294,160.2
Our Song,Taylor Swift,pop,2006,203440,0.667,0.659,0.03,0.113,0.575,89.1
Who Dat Mad,Big Steve,rap,2000,230240,0.762,0.565,0.31,0.119,0.553,85.0
If It Ain't Ruff - Remastered 2002,N.W.A.,rap,1996,216200,0.937,0.711,0.311,0.019,0.871,100.0
No Brainer,DJ Khaled,r&b,2018,260000,0.552,0.76,0.342,0.073,0.639,135.7
Meant to Be (feat. Florida Georgia Line),Bebe Rexha,r&b,2018,164205,0.642,0.772,0.085,0.048,0.589,154.0
I Just Wanna Say,Weisser Quiff,edm,2019,170310,0.669,0.8,0.117,0.358,0.179,105.1
Mercy,Shawn Mendes,pop,2016,208733,0.568,0.686,0.09,0.133,0.4,148.3
"Through the Eyes of Love (Theme from the Motion Picture ""Ice Castles"")",Melissa Manchester,r&b,1990,254493,0.418,0.306,0.029,0.746,0.19,71.3
A Day In The Life - Remastered 2009,The Beatles,rock,1967,337413,0.364,0.457,0.068,0.29,0.175,163.2
Misty Blue,Dorothy Moore,r&b,1976,222400,0.394,0.243,0.03,0.658,0.504,173.4
Buying Time,Lucky Daye,r&b,2019,236949,0.765,0.437,0.037,0.734,0.667,118.0
Hide Away (feat. Envy Monroe),Blasterjaxx,edm,2019,188000,0.573,0.746,0.042,0.025,0.134,130.0
Mon ami,Still Fresh,r&b,2017,195850,0.728,0.742,0.251,0.393,0.231,96.9
Осень,Basta,rap,2006,214507,0.713,0.646,0.047,0.042,0.882,92.0
No Brainer,DJ Khaled,pop,2018,260000,0.552,0.76,0.342,0.073,0.639,135.7
I Like It,Mr. Capone-E,latin,2006,249693,0.765,0.764,0.238,0.097,0.345,96.5
Heart of Gold,Neil Young,rock,1977,187280,0.538,0.48,0.027,0.204,0.834,171.8
Let's Talk About Sex,Salt-N-Pepa,pop,2015,212747,0.871,0.709,0.109,0.037,0.724,106.9
Borrowed Love (feat. Swae Lee & WizKid),Metro Boomin,r&b,2018,230240,0.52,0.594,0.462,0.44,0.393,129.2
Somewhere I Belong,Linkin Park,rock,2003,213933,0.451,0.951,0.064,0.0,0.442,162.1
Culpable - Remix / Versión Salsa,Tutto Duran,latin,2019,197167,0.673,0.871,0.044,0.426,0.948,96.0
Ransom,Lil Tecca,rap,2019,131248,0.745,0.642,0.287,0.02,0.226,180.0
Country Grammar (Hot Shit),Nelly,r&b,2000,287000,0.872,0.673,0.108,0.008,0.527,162.8
Don't Stop (feat. Moe Mitchell),Moguai,edm,2019,168049,0.754,0.974,0.168,0.209,0.402,123.0
Let's Get F*cked Up,MAKJ,edm,2014,286754,0.737,0.932,0.079,0.002,0.074,128.0
5 A.M.,REMI,r&b,2019,214455,0.885,0.58,0.407,0.167,0.818,100.9
Lighthouse,Luke Coulson,edm,2019,288113,0.697,0.368,0.042,0.316,0.169,122.0
Something About You - ODESZA Remix,Hayden James,rap,2015,343800,0.705,0.674,0.04,0.018,0.103,105.0
Painting Pictures,TOFFE,pop,2017,209166,0.618,0.756,0.049,0.218,0.487,103.1
We're Blessed,Fred Hammond,r&b,2003,342467,0.325,0.974,0.127,0.004,0.662,186.6
Like You Boy,Pards,latin,2019,173714,0.81,0.541,0.055,0.175,0.701,105.0
ZMSW [QQ Untitled01],Qry,rap,2019,170667,0.654,0.52,0.29,0.185,0.206,180.3
Behind Barz - Bonus,Drake,rap,2019,163121,0.854,0.554,0.172,0.769,0.272,142.1
Intoxicated - Radio Edit,Martin Solveig,pop,2015,159560,0.792,0.688,0.039,0.004,0.502,125.0
Bitchigotabulletwityonameonit,Bill $Aber,rap,2019,159012,0.621,0.791,0.048,0.001,0.219,80.0
Get Away,Bobby Brown,r&b,1992,310497,0.826,0.771,0.038,0.029,0.856,111.7
Call On Me - Ryan Riback Remix,Starley,pop,2016,222000,0.691,0.821,0.04,0.136,0.759,105.0
I Like,Kut Klose,r&b,1995,258893,0.705,0.439,0.026,0.378,0.65,112.4
4th Chamber,GZA,rap,1995,276968,0.708,0.447,0.095,0.027,0.038,89.6
Live Your Life - Radio Edit,Headhunterz,edm,2015,180923,0.485,0.853,0.042,0.006,0.304,130.1
Taste,Rhye,pop,2018,225600,0.768,0.429,0.096,0.875,0.415,104.0
Younger - Kygo Remix,Seinabo Sey,latin,2014,351573,0.69,0.489,0.079,0.13,0.645,114.0
Numb,Linkin Park,rock,2003,185587,0.496,0.863,0.038,0.005,0.243,110.0
Салам пацанам,StaFFord63,rap,2018,197538,0.62,0.389,0.272,0.493,0.301,76.1
Another Night,Real McCoy,pop,2000,236871,0.812,0.889,0.039,0.11,0.872,125.9
Keep Moving,Marc Oso,r&b,2019,194821,0.779,0.375,0.173,0.768,0.189,119.9
Blanco,J Balvin,latin,2019,145800,0.87,0.706,0.126,0.025,0.593,100.0
Distortion,The Kemist,edm,2019,209187,0.728,0.825,0.149,0.008,0.283,129.9
This Is The Carter,Lil Wayne,rap,2004,276040,0.844,0.854,0.265,0.17,0.777,95.1
Take Me to Church,Hozier,pop,2014,241693,0.566,0.664,0.046,0.634,0.437,128.9
Home We'll Go,Walk Off the Earth,pop,2015,189133,0.617,0.704,0.041,0.195,0.384,120.0
Take Me to Church,Hozier,latin,2014,241693,0.566,0.664,0.046,0.634,0.437,128.9
Life Is Music,Blasterjaxx,edm,2019,142727,0.495,0.983,0.117,0.002,0.076,132.0
Let's Ride,The Game,rap,2006,237680,0.878,0.739,0.189,0.169,0.824,93.6
Stronger (What Doesn't Kill You),Kelly Clarkson,pop,2011,221947,0.562,0.939,0.048,0.046,0.684,116.0
Only Love - Luca Schreiner Island House Mix,Shaggy,latin,2015,206000,0.588,0.859,0.049,0.024,0.356,119.8
I'm Going Like,Hallman,latin,2019,185681,0.659,0.803,0.037,0.021,0.336,126.0
Catfish,PAX,edm,2018,113763,0.773,0.754,0.075,0.001,0.701,125.0
Alala,Populous,pop,2017,214981,0.758,0.749,0.058,0.116,0.424,108.0
One Dance,Drake,pop,2016,173987,0.791,0.619,0.053,0.008,0.371,104.0
Goodness Gracious - The Chainsmokers Extended Remix,Ellie Goulding,edm,2014,259022,0.577,0.847,0.04,0.02,0.211,128.0
Wake Me When It's Over,The Cranberries,rock,2019,251587,0.437,0.785,0.053,0.001,0.485,183.8
The Grid,Ummet Ozcan,edm,2019,181769,0.233,0.923,0.046,0.008,0.145,102.0
Adrenalina,Wisin,latin,2014,235547,0.685,0.944,0.145,0.086,0.757,125.0
Bitch Please,Snoop Dogg,rap,1999,234533,0.869,0.697,0.187,0.008,0.804,95.0
Chasing Light - Pt. 2,MEMBA,rap,2019,182000,0.636,0.809,0.05,0.044,0.119,121.1
Panda,Desiigner,pop,2016,247867,0.679,0.734,0.444,0.024,0.245,145.0
That Beat,Matroda,edm,2019,149325,0.758,0.947,0.047,0.017,0.427,126.0
Boom,RICCI,edm,2017,263607,0.804,0.825,0.075,0.013,0.51,122.0
Visão,2STRANGE,rap,2020,191516,0.743,0.655,0.121,0.405,0.542,77.5
This D.J.,Warren G,rap,1994,203027,0.803,0.444,0.132,0.031,0.584,92.0
Bring The Roof Down (feat. Luciana),Kura,edm,2019,170625,0.617,0.814,0.051,0.006,0.053,128.0
Vermin,dolorifics,pop,2019,197293,0.682,0.753,0.029,0.0,0.929,120.0
Country Grammar (Hot Shit),Nelly,rap,2000,287000,0.872,0.673,0.108,0.008,0.527,162.8
Mr. Crowley - 2002 Version,Ozzy Osbourne,rock,1997,295133,0.315,0.775,0.038,0.036,0.385,108.1
Settle Down,Gentle Bones,pop,2015,220480,0.472,0.617,0.046,0.272,0.266,120.5
All Night (feat. Trevor Jackson),Codeko,edm,2018,182710,0.575,0.834,0.046,0.035,0.459,155.0
Sunshine Of Your Love,Cream,rock,1967,250400,0.691,0.592,0.037,0.389,0.736,115.2
Take Off,RetroVision,edm,2019,191429,0.779,0.948,0.094,0.037,0.357,126.0
Big in Japan - Best of-Version,Alphaville,pop,1991,235200,0.755,0.604,0.045,0.183,0.491,97.8
Rock Me Amadeus - The Gold Mix,Falco,pop,2010,201467,0.609,0.901,0.144,0.315,0.866,176.7
Hark! the Herald Angels Sing,Take 6,r&b,2004,160667,0.368,0.032,0.034,0.821,0.64,87.5
How Deep Is Your Love,Dru Hill,r&b,1998,243360,0.725,0.446,0.077,0.035,0.774,94.4
South of the Border (feat. Camila Cabello & Cardi B) - Sam Feldt Remix,Ed Sheeran,pop,2019,173455,0.789,0.858,0.04,0.22,0.491,110.0
A Tumba Abierta - Live,Miguel Rios,rock,2005,205347,0.495,0.946,0.061,0.022,0.417,111.7
Under Pressure - Remastered,Queen,rock,2011,248440,0.671,0.711,0.048,0.422,0.466,113.8
Lotta Love,Nicolette Larson,rock,1978,191773,0.646,0.406,0.026,0.159,0.895,113.7
Im Here For a Reason (feat. Kaio Deodato & Sou.Za) - DLMark Remix,Gui Brazil,edm,2018,219121,0.659,0.926,0.06,0.001,0.057,128.0
Baby I'm Yours,Shai,r&b,2011,296105,0.708,0.602,0.042,0.329,0.721,143.8
Naked,Elin Bergman,pop,2016,204510,0.703,0.559,0.044,0.054,0.373,110.0
Severed,The Decemberists,pop,2018,243800,0.605,0.789,0.034,0.002,0.434,136.0
Amor De Feisbuk (Facebook),Danilo Parra,latin,2014,188067,0.767,0.961,0.05,0.072,0.967,110.0
Swim,Fickle Friends,pop,2018,197507,0.594,0.774,0.039,0.023,0.621,105.0
"Burial (feat. Pusha T, Moody Good, TrollPhace)",Yogi,edm,2015,226849,0.689,0.935,0.167,0.019,0.391,146.0
Trappes,La Fouine,r&b,2016,185000,0.784,0.732,0.268,0.047,0.615,127.0
Dream On,Blacktop Mojo,rock,2017,265477,0.49,0.678,0.025,0.004,0.181,77.0
Nemo,Pineapple StormTv,rap,2019,216000,0.761,0.637,0.053,0.327,0.256,110.0
Show Yourself,Mastodon,rock,2017,182893,0.468,0.977,0.064,0.0,0.493,135.0
Constant Craving,k.d. lang,rock,2010,277240,0.6,0.77,0.03,0.06,0.321,128.5
No Longer Slaves (Reyer & Retain Remix),Reyer,edm,2015,211377,0.631,0.665,0.06,0.029,0.554,128.1
In My Dreams (Re-Recorded / Remastered),Dokken,rock,2010,273013,0.542,0.839,0.049,0.0,0.611,121.0
Easy Love,Sigala,latin,2018,229813,0.68,0.942,0.063,0.175,0.65,124.0
Blanco,J Balvin,latin,2019,145800,0.87,0.706,0.126,0.025,0.593,100.0
"Please, Please, Please, Let Me Get What I Want - 2011 Remaster",The Smiths,rock,1987,112707,0.241,0.468,0.027,0.534,0.451,91.6
Hannah Hunt,Vampire Weekend,r&b,2013,237973,0.345,0.313,0.068,0.717,0.164,208.0
Piano Man,Billy Joel,pop,2001,336093,0.334,0.472,0.028,0.6,0.431,179.2
Vulnerable,Selena Gomez,r&b,2020,192172,0.695,0.573,0.167,0.132,0.38,100.0
Hit Stick,Chinese Kitty,r&b,2019,134191,0.939,0.316,0.246,0.004,0.904,102.0
One Dance,Drake,rap,2016,173987,0.791,0.619,0.053,0.008,0.371,104.0
First Time Lovers,NLSN,latin,2019,157940,0.76,0.74,0.177,0.059,0.581,107.9
Cigarettes & Cush (feat. Kehlani & Lily Allen),Stormzy,r&b,2017,349584,0.64,0.64,0.138,0.469,0.761,136.0
Dawood,Sidhu Moose Wala,rap,2018,197103,0.664,0.834,0.085,0.033,0.47,86.0
smiling when i die,Sasha Sloan,pop,2019,206437,0.753,0.41,0.132,0.816,0.231,93.0
"The Sound Of The Jungle With Coloured Birds For Relaxation, Sleeping, Studying",Life Sounds Nature,latin,2015,93010,0.226,0.442,0.056,0.051,0.023,78.0
Wouldn't It Be Nice - Stereo Mix,The Beach Boys,rock,1966,153205,0.392,0.629,0.034,0.718,0.72,124.5
Say My Name,Destiny's Child,r&b,1999,271333,0.522,0.676,0.16,0.274,0.746,67.4
Everyday,Rim'K,r&b,2016,210627,0.464,0.851,0.394,0.032,0.472,83.6
Your Spirit,Tasha Cobbs Leonard,r&b,2017,471573,0.267,0.503,0.035,0.023,0.137,145.1
Before You Go,Lewis Capaldi,r&b,2019,215107,0.459,0.575,0.057,0.604,0.183,111.9
Got To Give It Up (Pt. 1),Marvin Gaye,r&b,1995,252640,0.864,0.844,0.043,0.206,0.887,122.6
Chocolate,Jova'e Nicole,r&b,2019,212976,0.905,0.565,0.414,0.107,0.55,147.0
Understand This,ROËDS,latin,2019,187714,0.685,0.759,0.073,0.071,0.65,104.9
Many Times,Mike Gudmann,edm,2019,231787,0.95,0.838,0.18,0.02,0.781,128.0
Everyday Is Like Sunday - 2011 Remaster,Morrissey,rock,1988,215267,0.6,0.869,0.03,0.003,0.56,117.1
Mystify,INXS,rock,1987,197587,0.597,0.823,0.038,0.01,0.374,129.4
Best Friend,Ady Suleiman,r&b,2019,219066,0.708,0.488,0.264,0.616,0.774,160.1
Not To Much - Remastered 2016,Don Omar,latin,2016,211520,0.752,0.726,0.056,0.02,0.261,92.0
Quisiera,Natalie Perez,latin,2019,234485,0.672,0.745,0.054,0.624,0.766,90.0
Illusions,Cypress Hill,rap,2014,269200,0.547,0.827,0.324,0.007,0.408,182.1
Always on My Mind,Brandy,r&b,1994,246267,0.706,0.404,0.037,0.308,0.416,90.3
Around The Way Girl,LL Cool J,r&b,2009,242267,0.608,0.665,0.341,0.003,0.652,202.2
Old Train (feat. Struggle Jennings),Adam Calhoun,rap,2018,201495,0.607,0.599,0.302,0.15,0.372,80.1
Traje unos tangos,Ysy A,rap,2019,151643,0.669,0.723,0.054,0.265,0.243,130.0
Unicorn Zombie Apocalypse,Borgore,edm,2014,277500,0.676,0.885,0.066,0.004,0.185,128.0
Pretend,CNCO,latin,2019,200566,0.68,0.883,0.103,0.284,0.834,102.0
HIP,Mamamoo,pop,2019,195307,0.782,0.731,0.143,0.038,0.824,138.0
Tra Tra Tra Remix,Ghetto Kids,latin,2019,171000,0.847,0.736,0.266,0.053,0.876,160.0
Super Bass,Nicki Minaj,pop,2010,200013,0.72,0.861,0.209,0.269,0.669,127.0
Black Lança,Dj Rogerinho do Quero,rap,2019,117931,0.72,0.546,0.157,0.421,0.604,87.0
Con Calma,Daddy Yankee,pop,2019,193227,0.737,0.86,0.059,0.11,0.656,94.0
BURN IT DOWN,Linkin Park,pop,2012,230253,0.585,0.972,0.053,0.014,0.585,110.0
Pure Cocaine,Lil Baby,rap,2018,154024,0.964,0.487,0.421,0.001,0.107,127.0
Up,Olly Murs,pop,2014,224293,0.69,0.845,0.034,0.019,0.638,114.9
Con Calma,Daddy Yankee,latin,2019,193227,0.737,0.86,0.059,0.11,0.656,94.0
Did You Ever Think - Remix - Radio Edit,R. Kelly,r&b,2014,242533,0.86,0.604,0.185,0.221,0.874,95.1
Distortion,The Kemist,latin,2019,209187,0.728,0.825,0.149,0.008,0.283,129.9
La Ocasión,DJ Luian,rap,2018,336149,0.739,0.627,0.128,0.293,0.251,134.0
Gasolina Budda Remix,Lil Jon,latin,2004,282493,0.72,0.823,0.191,0.066,0.629,96.0
"Hotel California - Live at The Los Angeles Forum, 10/20-22/76",Eagles,rock,1976,409520,0.427,0.665,0.04,0.014,0.442,142.7
6 Minutes (feat. Lil' Wayne & Fabolous),Cassidy,rap,2005,386573,0.4,0.963,0.47,0.208,0.366,169.6
MI NUH FRAID (Extravaganza Riddim),ramhead,pop,2019,159214,0.818,0.817,0.182,0.095,0.81,106.9
Turn It Up,Subliminals,edm,2019,191403,0.633,0.955,0.094,0.002,0.088,132.0
This D.J.,Warren G,rap,1994,203027,0.803,0.444,0.132,0.031,0.584,92.0
Florida Rain Storm,Mother Nature Sound FX,latin,2017,175314,0.157,0.523,0.067,0.003,0.038,89.9
Beds Are Burning - Remastered,Midnight Oil,rock,1987,255680,0.753,0.427,0.039,0.008,0.295,119.2
AM To PM,Christina Milian,pop,2001,231307,0.87,0.876,0.117,0.145,0.861,105.0
Piropo,Noriel,latin,2019,220133,0.866,0.747,0.072,0.122,0.772,94.0
Circles,Post Malone,pop,2019,214907,0.704,0.758,0.04,0.233,0.534,120.0
Cójela Que Va Sin Jockey,Luny Tunes,latin,2003,183947,0.834,0.826,0.067,0.127,0.6,95.0
Senza Di Me (feat. Venerus & Franco126),Gemitaiz,r&b,2018,201961,0.698,0.636,0.034,0.167,0.313,107.3
Portland,Zoology,r&b,2017,199000,0.772,0.358,0.17,0.013,0.489,112.0
Holy Ghost,Fantasia,r&b,2019,191786,0.637,0.772,0.137,0.387,0.7,160.9
Il tuo profumo,Fred De Palma,r&b,2019,160856,0.782,0.657,0.05,0.003,0.303,106.0
Year of the Update,Swim.,rap,2019,139171,0.738,0.539,0.221,0.236,0.367,175.0
Scars To Your Beautiful,Alessia Cara,pop,2016,230227,0.573,0.739,0.129,0.028,0.451,97.1
Akula Owu Onyeara,The Funkees,rock,2012,448914,0.701,0.701,0.123,0.525,0.884,110.7
First Off (feat. Travis Scott),Future,rap,2019,228367,0.734,0.683,0.078,0.013,0.445,162.0
Kuku187,Capital Bra,rap,2017,173253,0.722,0.884,0.333,0.056,0.689,120.2
If Only,Dove Cameron,pop,2015,229813,0.477,0.6,0.032,0.271,0.29,152.1
Last Child,Aerosmith,rock,1980,206707,0.599,0.613,0.034,0.163,0.767,84.2
How Low,Ludacris,latin,2010,201587,0.784,0.498,0.053,0.002,0.418,144.0
The Dance,Night Cap,pop,2019,229569,0.621,0.769,0.035,0.109,0.566,130.0
Blue Girl,Chromatics,pop,2018,256120,0.616,0.6,0.024,0.012,0.671,107.0
Thick And Thin,LANY,pop,2018,212429,0.686,0.564,0.03,0.06,0.266,100.0
Reencontrar,Altamira,r&b,2019,154839,0.712,0.312,0.041,0.609,0.518,123.9
Take a Walk,Passion Pit,pop,2012,264493,0.566,0.755,0.037,0.034,0.445,101.0
Smooth Criminal,Alien Ant Farm,rock,2001,209267,0.653,0.966,0.06,0.003,0.874,126.9
Me Gusta - Remix,Natti Natasha,latin,2019,197013,0.853,0.766,0.04,0.025,0.835,96.0
Ghostride,Crumb,r&b,2019,126120,0.665,0.351,0.028,0.515,0.45,87.1
Numb,Linkin Park,rock,2003,185587,0.496,0.863,0.038,0.005,0.243,110.0
Close To You,Maxi Priest,r&b,2008,330080,0.762,0.646,0.092,0.01,0.819,96.0
holy terrain,FKA twigs,r&b,2019,243000,0.534,0.578,0.123,0.366,0.252,159.8
Someone Like You,Adele,pop,2011,285240,0.554,0.321,0.028,0.893,0.288,135.0
El Clavo,Prince Royce,latin,2018,172749,0.827,0.78,0.133,0.044,0.658,80.0
BIRDBOY,NLE Choppa,rap,2019,129306,0.865,0.428,0.853,0.055,0.531,123.2
Don't Leave Me Alone (feat. Anne-Marie) - Oliver Heldens Remix,David Guetta,edm,2018,204224,0.739,0.818,0.061,0.008,0.155,126.0
days like this,Two Sleepy,latin,2018,73171,0.788,0.569,0.106,0.21,0.858,87.6
Chery Chery Lady,Toni Lo,pop,2013,209747,0.795,0.795,0.051,0.204,0.796,110.9
Can't Help the Way,Foley,pop,2019,189858,0.745,0.632,0.3,0.427,0.808,102.0
Temple,SwuM,rap,2018,98352,0.645,0.739,0.043,0.836,0.127,88.0
Bailando,Maria Daniela Y Su Sonido Lasser,latin,2019,195508,0.638,0.806,0.03,0.003,0.399,133.0
If You Dont Want Me,T.K. Soul,rap,2012,257516,0.733,0.526,0.035,0.021,0.785,157.4
Natural Fools,Maribou State,pop,2015,339258,0.713,0.547,0.044,0.7,0.118,120.0
Lovin' U Is Ah-ight,Portrait,r&b,2000,277840,0.722,0.461,0.203,0.068,0.437,89.0
Brighter Day,State of Sound,latin,2018,211840,0.584,0.873,0.029,0.001,0.672,128.0
Flavour,Room Eleven,r&b,2006,221680,0.617,0.467,0.072,0.529,0.384,90.2
The Nights,Avicii,pop,2014,176658,0.527,0.835,0.043,0.017,0.654,126.0
Photograph,Ljung,latin,2019,212440,0.735,0.567,0.038,0.285,0.494,108.0
Loud,Dubio,edm,2019,190000,0.529,0.758,0.3,0.039,0.261,180.0
No Pierdo Nada (Nothin' To Lose) - Spanish Edit,Cypress Hill,latin,1999,232200,0.595,0.87,0.186,0.0,0.907,111.7
"No Se De Ella ""My Space""",Don Omar,latin,2006,222401,0.815,0.676,0.093,0.233,0.77,88.0
Super Freak,Ricky Skaggs,r&b,2007,244320,0.515,0.851,0.033,0.476,0.967,148.2
Dios Nunca Falla,Madiel Lara,latin,2018,190512,0.776,0.689,0.048,0.106,0.667,98.0
Need A Beat,YounG (KO),edm,2019,208800,0.781,0.774,0.041,0.001,0.464,125.0
It's Not Unusual,Tom Jones,r&b,1987,125533,0.496,0.596,0.047,0.51,0.905,92.7
Sorriso (Milano Dateo),Calcutta,r&b,2019,177145,0.604,0.59,0.032,0.362,0.359,91.0
Infrarot,Phil Dee,rap,2019,125714,0.654,0.432,0.388,0.658,0.491,83.2
I Want You (feat. Matthew John Kurz),Robotaki,edm,2017,184429,0.583,0.875,0.062,0.024,0.489,95.0
I Like The Way She Do It,G-Unit,rap,2008,232600,0.492,0.805,0.329,0.01,0.264,93.7
Borrowed Time,Parquet Courts,r&b,2013,152040,0.4,0.726,0.031,0.045,0.806,92.3
Let Me Clear My Throat - Old School Reunion Remix '96,DJ Kool,rap,1996,290160,0.697,0.901,0.259,0.169,0.535,103.1
Young,The Chainsmokers,pop,2017,224773,0.615,0.564,0.029,0.01,0.454,103.0
Operator (That's Not The Way It Feels),Jim Croce,rock,1974,227373,0.683,0.529,0.033,0.591,0.791,130.4
Confío,Gui Brazil,latin,2018,136875,0.871,0.556,0.05,0.006,0.458,105.0
Cellophané,Rim'K,r&b,2017,182138,0.764,0.672,0.222,0.223,0.61,180.1
Baila Baila Baila,Ozuna,latin,2019,158400,0.816,0.754,0.111,0.036,0.533,100.0
That Smiling Face,Camouflage,latin,1988,301793,0.623,0.683,0.033,0.02,0.7,104.2
Te Quiero Pa´Mi,Don Omar,latin,2016,211627,0.759,0.812,0.059,0.122,0.661,89.0
SIN TI,Young Cister,latin,2019,200005,0.605,0.815,0.067,0.296,0.555,169.9
HandClap,Fitz and The Tantrums,edm,2016,193253,0.636,0.836,0.043,0.006,0.715,140.0
Heaven Is Here,Influencers Worship,pop,2018,255277,0.591,0.792,0.037,0.001,0.234,118.0
Shots - Broiler Remix,Imagine Dragons,pop,2015,191573,0.723,0.794,0.036,0.413,0.589,120.0
It's Okay (One Blood),The Game,rap,2006,259187,0.605,0.868,0.239,0.001,0.626,163.5
Don't Make Me Beg,Tucka,rap,2011,307067,0.717,0.69,0.032,0.493,0.887,101.0
Toi sur moi,MZ,r&b,2016,235547,0.568,0.62,0.313,0.23,0.439,124.1
I Hate Everything About You,Three Days Grace,rock,2007,231480,0.498,0.83,0.042,0.005,0.453,89.3
Move,Thousand Foot Krutch,rock,2005,208693,0.531,0.836,0.101,0.001,0.637,169.2
Bravi Ragazzi,Tymek,rap,2019,159273,0.524,0.736,0.207,0.058,0.162,109.5
Wolves,Selena Gomez,r&b,2017,197993,0.724,0.804,0.045,0.124,0.306,125.0
In My Life - Remastered 2009,The Beatles,rock,1965,146333,0.688,0.435,0.032,0.449,0.435,103.2
grass,MF Eistee,rap,2019,161928,0.804,0.372,0.243,0.495,0.591,166.1
Gypsy Drop - Radio Edit,Filip Jenven,edm,2014,180502,0.797,0.962,0.091,0.0,0.422,128.0
Blink,Meghan Trainor,r&b,2020,167166,0.545,0.581,0.125,0.012,0.615,175.7
Rock 'N' Roll All Nite - Live,KISS,latin,1996,259080,0.613,0.984,0.085,0.075,0.543,137.5
The Floor,Johnny Gill,r&b,1993,312800,0.796,0.838,0.038,0.002,0.388,115.6
Bloodline,Northlane,rock,2019,205547,0.524,0.973,0.118,0.0,0.367,97.5
Before You Go,Lewis Capaldi,latin,2019,215107,0.459,0.575,0.057,0.604,0.183,111.9
Hide Away (feat. Envy Monroe),Blasterjaxx,edm,2019,188000,0.573,0.746,0.042,0.025,0.134,130.0
For You,Kenny Lattimore,r&b,1996,236147,0.633,0.42,0.035,0.737,0.482,137.7
How Low,Ludacris,rap,2010,201587,0.784,0.498,0.053,0.002,0.418,144.0
Return Of The Tres,Delinquent Habits,rap,2001,254640,0.725,0.808,0.086,0.0,0.539,100.6
Who Are You - Single Edit,The Who,rock,2008,299227,0.638,0.75,0.043,0.198,0.501,156.3
I'm Gonna Be Around - 2014 Remastered Version,Michael Learns To Rock,rock,2014,262000,0.575,0.473,0.024,0.053,0.569,164.0
Pesquisa no Google (feat. Henrique & Diego) - Ao Vivo,Turma do Pagode,edm,2018,169245,0.543,0.754,0.064,0.792,0.749,166.2
Street Light (feat. Gwen Bunn),Jordan Rakei,r&b,2014,249626,0.615,0.394,0.162,0.016,0.426,162.4
Jungli Sher,DIVINE,rap,2016,186943,0.597,0.748,0.223,0.045,0.73,165.9
Lose Your Soul,Jelly Roll,rap,2016,289509,0.616,0.849,0.1,0.451,0.468,85.1
Aparentemente,Yaga & Mackie,latin,2015,303543,0.86,0.699,0.097,0.083,0.871,94.0
Shooting Star,John Dahlbäck,edm,2015,228723,0.544,0.945,0.053,0.139,0.158,128.0
THAT BITCH,Bea Miller,pop,2019,201102,0.778,0.738,0.218,0.01,0.626,162.1
De Los Besos Que Te Di,Sandronyc,latin,2019,222101,0.778,0.79,0.043,0.063,0.916,119.0
For A Better Day,Avicii,pop,2015,206067,0.639,0.843,0.033,0.039,0.317,135.0
Loudness War,Fukkk Offf,edm,2019,285000,0.843,0.844,0.075,0.001,0.727,128.0
Dixie Biscuit - Radio Edit,Tape Five,edm,2016,199679,0.665,0.81,0.089,0.022,0.843,98.3
Lost in Wonder,Eikon,edm,2018,327619,0.655,0.798,0.032,0.083,0.265,126.0
I Could Get Used To This,Becky Hill,pop,2019,193856,0.621,0.653,0.052,0.015,0.345,117.1
Sama-Sama,Alamid,rock,1994,228000,0.487,0.67,0.044,0.001,0.74,141.2
Sugar (feat. Francesco Yates),Robin Schulz,pop,2015,219043,0.636,0.815,0.058,0.018,0.636,123.1
Breaking Kind,Steve Angello,pop,2017,200627,0.458,0.742,0.101,0.126,0.248,94.8
Overdue,Chris Goldarg,edm,2019,168750,0.76,0.655,0.05,0.413,0.408,128.0
New Jack City,Guy,r&b,1991,210600,0.716,0.574,0.041,0.003,0.597,108.7
Strange Direction,Brothers Page,rock,2019,231345,0.62,0.73,0.209,0.01,0.523,96.0
Luz Apaga,Ozuna,latin,2018,245000,0.611,0.791,0.173,0.19,0.658,192.1
Call On Me - Ryan Riback Remix,Starley,pop,2016,222000,0.691,0.821,0.04,0.136,0.759,105.0
Fee Fi Fo - Remix,Santa RM,rap,2019,210858,0.818,0.476,0.179,0.007,0.525,92.0
Adore You,Harry Styles,pop,2019,207133,0.676,0.771,0.048,0.024,0.569,99.0
All I Want,Father MC,r&b,1992,274200,0.754,0.678,0.055,0.07,0.855,99.0
Still Fly,Big Tymers,rap,2002,335613,0.675,0.607,0.161,0.03,0.56,177.9
Can't You See (feat. The Notorious B.I.G.),Total,r&b,1996,281880,0.744,0.574,0.065,0.165,0.805,86.3
Reload - Radio Edit,Sebastian Ingrosso,edm,2013,221280,0.484,0.724,0.052,0.074,0.433,128.0
Tough (feat. Noah Kahan),Quinn XCII,pop,2019,178133,0.729,0.57,0.055,0.388,0.687,93.1
Stairway to Heaven - Remaster,Led Zeppelin,rock,1971,482830,0.338,0.34,0.034,0.58,0.197,82.4
Free,6LACK,r&b,2017,263013,0.751,0.556,0.043,0.002,0.369,124.0
Mas De Lo Que Te Imaginas (Classic Version),The Sacados,latin,2013,219454,0.659,0.843,0.094,0.059,0.745,178.9
Stay (Don't Go Away) [feat. Raye],David Guetta,pop,2019,185943,0.669,0.797,0.062,0.259,0.552,119.9
Favorite Sound,Audien,edm,2019,205714,0.631,0.722,0.032,0.311,0.443,105.0
Raising Hell (feat. Big Freedia),Kesha,r&b,2019,169681,0.676,0.869,0.132,0.001,0.271,115.0
Never Let Me Go - Stan Forebee Remix,Mike Casey,r&b,2019,153197,0.505,0.541,0.068,0.497,0.278,76.1
Ghost,Au/Ra,pop,2019,177630,0.667,0.503,0.053,0.552,0.584,144.0
You - Tiësto vs. Twoloud Radio Edit,Galantis,edm,2014,215135,0.358,0.918,0.054,0.001,0.094,127.9
Africa,TOTO,pop,2010,260840,0.668,0.43,0.031,0.415,0.772,92.4
Wifey - Club Mix/Dirty Version,Next,r&b,2010,242373,0.833,0.674,0.12,0.07,0.679,100.0
Arroyito,Fonseca,latin,2008,238667,0.513,0.903,0.163,0.269,0.682,93.5
We Found Love,Rihanna,edm,2011,215227,0.734,0.766,0.038,0.025,0.6,128.0
SippinTeaInYoHood,XXXTENTACION,rap,2017,174839,0.663,0.872,0.246,0.094,0.48,146.0
Simple Man,Lynyrd Skynyrd,rock,1973,356627,0.422,0.752,0.045,0.037,0.403,120.5
Backseat,Ari Lennox,r&b,2016,219133,0.717,0.709,0.136,0.039,0.651,139.4
Cover Girls,Hitimpulse,edm,2017,216560,0.562,0.472,0.121,0.037,0.273,150.0
We'll Be Coming Back (feat. Example),Calvin Harris,edm,2012,234360,0.596,0.952,0.087,0.001,0.571,127.9
Indecision,Shura,pop,2014,214102,0.747,0.833,0.05,0.804,0.936,110.0
Get Upset,Soy Christmas,pop,2016,198068,0.679,0.562,0.035,0.891,0.192,88.0
Go Your Own Way,Fleetwood Mac,rock,1977,218400,0.597,0.812,0.032,0.022,0.823,135.7
Hold Me Close,PuFFcorn,r&b,2020,196348,0.508,0.682,0.049,0.022,0.309,127.9
Grace,U2,rock,2000,332773,0.371,0.238,0.03,0.867,0.329,180.0
The Walk,Mayer Hawthorne,r&b,2011,218413,0.849,0.601,0.032,0.42,0.966,110.0
Tú No Lo Amas,Anuel AA,rap,2018,214125,0.739,0.733,0.082,0.703,0.389,128.3
What I Like About You,The Romantics,rock,1990,175400,0.542,0.915,0.055,0.319,0.92,159.8
Fireflies,Owl City,pop,2009,228347,0.513,0.661,0.044,0.027,0.461,180.1
Coming Home,Leon Bridges,r&b,2015,206387,0.427,0.465,0.029,0.461,0.458,112.1
Where Have You Gone (Anywhere),Lucas & Steve,edm,2018,158602,0.618,0.767,0.049,0.006,0.239,124.1
Aquí Quién Manda Soy Yo!,D.L.G.,latin,2019,250973,0.772,0.704,0.077,0.043,0.86,99.0
Electric Elephants,Jay Hardway,edm,2015,173087,0.588,0.927,0.064,0.003,0.254,127.9
I'll Be Gone,MW Vibes,edm,2015,227758,0.551,0.63,0.037,0.003,0.285,127.0
Fluto,Bigenesis,edm,2019,115312,0.665,0.98,0.085,0.014,0.282,128.0
Risen,nej!las,r&b,2017,391583,0.529,0.3,0.042,0.119,0.037,120.1
Inner Hell,Auralist,rock,2019,256000,0.493,0.903,0.061,0.0,0.138,120.0
Tom Sawyer,Rush,r&b,1981,276880,0.536,0.901,0.037,0.001,0.666,87.6
Alive,Many Moor,latin,2016,222187,0.725,0.71,0.029,0.014,0.72,128.0
Cerrone's Paradise,Cerrone,edm,2014,234500,0.778,0.84,0.059,0.148,0.82,126.0
Light Me Up,FTampa,edm,2017,206907,0.527,0.851,0.051,0.017,0.49,97.0
The Spirit Of Radio,Rush,rock,1980,296467,0.365,0.924,0.049,0.014,0.632,135.8
Fire,Saravah Soul,rock,2010,215400,0.523,0.754,0.206,0.18,0.744,169.3
Blah Blah Blah,Armin van Buuren,edm,2018,183519,0.612,0.963,0.053,0.009,0.179,138.0
Faded,NERVO,edm,2019,189878,0.685,0.807,0.046,0.002,0.149,138.0
Meant to Be (feat. Florida Georgia Line),Bebe Rexha,pop,2018,164205,0.642,0.772,0.085,0.048,0.589,154.0
Skurr,Terrence North,r&b,2018,225600,0.617,0.563,0.422,0.221,0.128,90.0
Make A Move - Pt. 2,EMMA WAHLIN,pop,2020,181200,0.837,0.52,0.14,0.617,0.463,124.0
Take Me Back,Christopher,pop,2016,178776,0.755,0.605,0.047,0.023,0.454,98.0
Love Me (feat. Mase),112,r&b,1998,257333,0.654,0.817,0.153,0.124,0.649,90.1
Breakup Song,De Hofnar,latin,2017,180158,0.736,0.544,0.038,0.119,0.232,95.0
Go,Grant Terry,pop,2014,218886,0.583,0.613,0.041,0.031,0.815,204.1
Non Planned Holiday,Prume,r&b,2016,248240,0.694,0.514,0.033,0.196,0.382,140.0
Liberty Lane,Status Quo,rock,2019,222041,0.621,0.68,0.031,0.005,0.967,147.0
"Temptation - 7"" Version; 2015 Remaster",New Order,rock,2005,324413,0.775,0.743,0.031,0.001,0.649,125.6
Morning Sun,Robin Thicke,r&b,2015,210027,0.551,0.954,0.042,0.113,0.964,172.0
Anything for You,Chelsea Cutler,pop,2015,201905,0.549,0.442,0.116,0.861,0.044,126.0
Robarte un Beso,Carlos Vives,latin,2017,194742,0.742,0.858,0.048,0.083,0.64,95.0
idc,ren,rock,2019,153813,0.751,0.48,0.035,0.208,0.601,95.0
Thumb,M Huncho,r&b,2019,217793,0.897,0.538,0.088,0.064,0.499,115.0
Purple Haze,Jimi Hendrix,rock,1967,170813,0.533,0.905,0.075,0.009,0.486,108.9
Waterfall Jungle,The Sleep Specialist,latin,2017,316491,0.176,0.274,0.059,0.002,0.034,129.9
Higher Love,Odd Chap,edm,2018,216353,0.945,0.734,0.133,0.103,0.624,124.0
Good Together,HONNE,pop,2016,228522,0.683,0.658,0.029,0.087,0.507,97.0
You Ain't Seen Nothing Yet - Single Version,Bachman-Turner Overdrive,rock,2003,208760,0.468,0.557,0.041,0.0,0.666,118.7
Stairway to Heaven - Remaster,Led Zeppelin,rock,1971,482830,0.338,0.34,0.034,0.58,0.197,82.4
Symphony Of Destruction,Megadeth,rock,1992,246733,0.61,0.891,0.059,0.001,0.51,139.9
Work It,Missy Elliott,rap,2002,263227,0.884,0.677,0.283,0.078,0.584,101.9
Spring Summer Feeling,Jill Scott,r&b,2004,289027,0.677,0.334,0.144,0.301,0.313,138.8
Head High,Urias,r&b,2017,218619,0.494,0.638,0.07,0.494,0.442,122.4
Demons,Louzada,rock,2019,317519,0.162,0.915,0.101,0.0,0.386,180.2
Behind Barz - Bonus,Drake,rap,2019,163121,0.854,0.554,0.172,0.769,0.272,142.1
Poison,Bell Biv DeVoe,r&b,2015,262053,0.837,0.669,0.203,0.002,0.761,111.9
One Kiss (with Dua Lipa),Calvin Harris,pop,2018,214847,0.791,0.862,0.11,0.037,0.592,124.0
Two Way Love Affair,David Brinston,rap,2007,238173,0.774,0.773,0.041,0.07,0.914,103.0
You Don't Want Drama,8Ball & MJG,rap,2005,273973,0.777,0.871,0.236,0.01,0.624,140.1
Freek'n You,Jodeci,r&b,1995,379228,0.709,0.52,0.03,0.068,0.454,134.2
Sorry Not Sorry,Like,rap,2019,147250,0.566,0.644,0.406,0.805,0.601,83.6
Back 2 U (feat. WALK THE MOON),Steve Aoki,edm,2016,275977,0.635,0.875,0.051,0.021,0.545,126.0
Save the Rave,Tommie Sunshine,edm,2018,217202,0.784,0.883,0.118,0.006,0.778,126.0
Loud,Dubio,r&b,2019,190000,0.529,0.758,0.3,0.039,0.261,180.0
Interlude,Martin Numan,edm,2018,34560,0.59,0.813,0.246,0.563,0.112,125.0
One Kiss (with Dua Lipa),Calvin Harris,r&b,2018,214847,0.791,0.862,0.11,0.037,0.592,124.0
Keep On Loving,Topic,edm,2019,195000,0.601,0.638,0.041,0.01,0.328,128.0
Sunshine Of Your Love,Cream,rock,1967,250400,0.691,0.592,0.037,0.389,0.736,115.2
...Ready For It? - BloodPop® Remix,Taylor Swift,edm,2017,189509,0.582,0.835,0.222,0.133,0.496,160.1
I've Changed,Asher Knight,pop,2019,215448,0.657,0.73,0.063,0.118,0.249,92.9
Guilty Pleasure,Bryce Vine,pop,2014,204435,0.641,0.844,0.046,0.003,0.834,150.0
Prototype,OutKast,r&b,2003,326240,0.635,0.37,0.04,0.208,0.192,76.0
Repórtense - Remastered 2016,Don Omar,latin,2016,210813,0.771,0.881,0.091,0.067,0.536,94.0
Easy Life - Tobtok Remix Radio Edit,Jaël,latin,2015,180000,0.676,0.795,0.042,0.014,0.386,124.0
I'm Going to Live My Life,DJ Screw & The Screwed Up Click,rap,2008,46000,0.399,0.841,0.699,0.994,0.773,151.0
Make Some Noise,Chuckie,edm,2012,285942,0.635,0.784,0.175,0.001,0.212,128.1
Dreamer - Dave Ramone Club Mix,Niels Van Gogh,edm,2009,378462,0.784,0.816,0.071,0.046,0.669,130.0
"American Woman - 7"" Version",The Guess Who,rock,1971,305560,0.527,0.512,0.115,0.117,0.377,93.3
Ain't No Love In The Heart Of The City - Single Version,"Bobby ""Blue"" Bland",r&b,1974,233560,0.518,0.376,0.043,0.933,0.744,158.1
I Adore U,Caron Wheeler,r&b,1998,75440,0.665,0.796,0.059,0.041,0.562,98.6
Out Of My Mind - R3HAB Edit,Skytech,edm,2019,174286,0.595,0.659,0.061,0.072,0.338,126.0
I'm Your Baby Tonight,Whitney Houston,r&b,1990,299427,0.665,0.899,0.088,0.303,0.873,165.2
Magic,KSHMR,edm,2018,149414,0.601,0.939,0.115,0.09,0.336,127.9
Can't Stop No Player,Da Organization,rap,2010,294760,0.942,0.731,0.182,0.012,0.583,138.8
Angel,Sarah McLachlan,rock,1997,266026,0.399,0.086,0.037,0.948,0.129,117.5
Rather Be,Clean Bandit,pop,2014,231540,0.83,0.546,0.055,0.232,0.61,121.0
(I'm Your) Hoochie Coochie Man,Muddy Waters,rock,2011,170587,0.692,0.312,0.038,0.833,0.878,71.8
Doin' It,Deauxnuts,rap,2019,77982,0.635,0.325,0.206,0.248,0.65,180.1
Luz Apaga,Ozuna,latin,2018,245000,0.611,0.791,0.173,0.19,0.658,192.1
KMT,Drake,rap,2017,162638,0.875,0.6,0.044,0.019,0.091,120.0
Zirkus,badmómzjay,rap,2020,135237,0.617,0.517,0.561,0.113,0.454,105.6
Guallando,Fulanito,latin,1997,205333,0.681,0.907,0.07,0.05,0.94,149.9
Smells Like Teen Spirit,Nirvana,rock,1991,301920,0.502,0.912,0.056,0.0,0.72,116.8
Night Shift,Juze,latin,2019,193173,0.726,0.841,0.04,0.035,0.699,123.0
En El Séptimo Día - Remasterizado 2007,Soda Stereo,rock,1997,297440,0.483,0.848,0.033,0.0,0.612,107.3
Anywhere We Go,Kaptan,pop,2015,242005,0.573,0.901,0.032,0.027,0.468,100.0
Headed In The Right Direction,India.Arie,r&b,2002,209293,0.856,0.58,0.034,0.042,0.88,119.0
Honest,Koji.,r&b,2017,194157,0.514,0.366,0.274,0.159,0.272,88.9
Radioactive,Imagine Dragons,pop,2012,186813,0.473,0.777,0.059,0.119,0.21,136.2
Chains - Remix,Nick Jonas,edm,2015,203000,0.504,0.674,0.062,0.025,0.099,76.8
Stick To What You Got,Klischée,edm,2019,214528,0.867,0.823,0.17,0.185,0.481,115.0
Crack of Doom (feat. Troy Sanders),Kvelertak,rock,2020,233929,0.357,0.977,0.124,0.0,0.28,159.8
State of Insanity,Travel With The Sun,rock,2019,210951,0.353,0.635,0.035,0.001,0.146,159.9
Ann Wants to Dance,Papooz,rock,2016,210787,0.742,0.436,0.027,0.672,0.718,100.9
Cradles,Besomorph,pop,2019,138000,0.521,0.637,0.21,0.346,0.433,80.0
Sometimes When We Touch,Dan Hill,rock,1977,252707,0.589,0.348,0.038,0.685,0.28,119.4
Tabú,Pablo Alborán,latin,2019,179775,0.748,0.808,0.062,0.037,0.553,100.0
Never Tired Of You,Julian Jordan,edm,2018,161071,0.684,0.941,0.053,0.009,0.252,126.0
Te Recordaré Bailando,Don Omar,latin,2015,213240,0.718,0.888,0.044,0.024,0.727,92.0
Quick Musical Doodles,Two Feet,pop,2016,144000,0.688,0.349,0.27,0.241,0.433,169.8
Summer In The Winter (feat. Omarion),Kid Ink,rap,2015,187453,0.735,0.488,0.212,0.064,0.777,99.0
Con Calma,Daddy Yankee,pop,2019,193227,0.737,0.86,0.059,0.11,0.656,94.0
Adore You,Harry Styles,pop,2019,207133,0.676,0.771,0.048,0.024,0.569,99.0
Who,Sean C. Johnson,r&b,2012,220682,0.552,0.745,0.059,0.063,0.904,80.0
Heroes,Janelle Monáe,pop,2014,199680,0.751,0.663,0.028,0.001,0.447,120.0
Forward Backward,Max Keeble,rap,2019,156000,0.717,0.472,0.047,0.787,0.786,80.0
Tubthumping,Chumbawamba,rock,1997,278960,0.263,0.871,0.131,0.106,0.622,206.7
Qué Será,Leslie Grace,latin,2019,193983,0.774,0.797,0.082,0.095,0.426,93.0
I'm Not The One,The Black Keys,r&b,2010,229187,0.605,0.408,0.031,0.541,0.467,139.9
One Thing Right - Koni Remix,Marshmello,pop,2019,148986,0.646,0.792,0.066,0.011,0.37,105.1
Robarte un Beso,Carlos Vives,latin,2017,194742,0.742,0.858,0.048,0.083,0.64,95.0
Fuck Love (feat. Trippie Redd),XXXTENTACION,rap,2017,146520,0.797,0.533,0.041,0.017,0.329,131.0
If I Loved You,Royse,latin,2019,214437,0.663,0.829,0.046,0.477,0.425,115.1
Hey Kid,Bad Seed Rising,rock,2014,210827,0.506,0.966,0.061,0.001,0.397,117.0
Lets Get It On - Marvin Gay Sample,P I A (Players In Action),r&b,2011,246587,0.571,0.387,0.459,0.055,0.196,165.0
Good Times Roll,The Cars,rock,1978,225853,0.607,0.662,0.028,0.095,0.629,107.6
Simple Hit,Dombresky,pop,2019,219715,0.631,0.951,0.044,0.108,0.703,124.0
Hurts So Good,John Mellencamp,rock,1982,218960,0.785,0.737,0.036,0.042,0.971,125.4
Do You Hear What I Hear,Gladys Knight & The Pips,r&b,2012,237147,0.539,0.378,0.033,0.748,0.185,142.0
Before Dark,Such,r&b,2019,252860,0.5,0.375,0.126,0.843,0.291,75.4
Fat Bottomed Girls,Queen,rock,1981,255667,0.327,0.645,0.044,0.047,0.43,89.3
Rude Boy,Rihanna,rap,2009,222920,0.563,0.75,0.127,0.113,0.812,173.9
On Top of the World (Remix),Citipointe Live,pop,2017,212963,0.494,0.892,0.094,0.032,0.369,127.9
Entre Dos Aguas - Remastered 2014,Paco de Lucía,r&b,2014,360547,0.43,0.917,0.034,0.915,0.919,102.6
Thug,Slim Thug,rap,2009,230707,0.781,0.71,0.09,0.009,0.317,156.1
Hype,Kid 'N Play,rap,1988,239400,0.902,0.352,0.091,0.002,0.695,134.4
Runaway,Halcyon,latin,2017,196000,0.395,0.711,0.295,0.138,0.229,149.5
Quiero Cantar,Abel Pintos,latin,2019,220560,0.552,0.672,0.036,0.085,0.124,116.3
Never Meant to Last,Citna,latin,2018,156000,0.768,0.632,0.032,0.175,0.639,120.0
537 C U B A,Orishas,r&b,1999,264173,0.859,0.709,0.281,0.079,0.885,83.7
Invisible Touch - 2007 Remaster,Genesis,rock,1986,209587,0.659,0.878,0.03,0.339,0.843,131.0
Morph,Twenty One Pilots,pop,2018,258853,0.734,0.607,0.081,0.075,0.518,90.0
Coffin Wave,CPsilencer,rap,2018,132193,0.83,0.387,0.345,0.086,0.561,120.0
The Disease,Anti-Flag,rock,2020,175467,0.573,0.927,0.051,0.0,0.583,124.9
El Juego Verdadero,Tiro De Gracia,latin,2006,192293,0.849,0.783,0.164,0.391,0.645,95.0
Someone Like You,Adele,pop,2011,285240,0.554,0.321,0.028,0.893,0.288,135.0
With Tim,Guustavv,rap,2019,150500,0.373,0.251,0.076,0.97,0.054,211.4
Nobody Else,Wahlstedt,pop,2019,179756,0.834,0.661,0.062,0.078,0.458,123.0
Edge of Seventeen - 2016 Remaster,Stevie Nicks,rock,2016,329413,0.591,0.804,0.045,0.327,0.658,111.5
Anything More (feat. Era Istrefi) - Will Sparks Remix,Steve Aoki,edm,2019,186672,0.409,0.847,0.05,0.002,0.034,124.3
Play Hard (feat. Ne-Yo & Akon),David Guetta,edm,2011,201000,0.691,0.921,0.053,0.173,0.8,130.1
Sumthin' Sumthin',Maxwell,r&b,1996,257680,0.81,0.534,0.06,0.131,0.863,97.9
We Come from the Valley,Fiesty 2 Gunns,latin,2009,251067,0.695,0.659,0.206,0.045,0.336,90.0
Touch,Little Mix,edm,2017,213307,0.607,0.718,0.098,0.032,0.551,101.8
Lost in Someone Else,Casey Derhak,pop,2019,237534,0.734,0.551,0.032,0.571,0.505,100.0
Día y Noche,Liricistas,latin,2016,238973,0.714,0.686,0.36,0.429,0.54,93.5
Beautiful,Snoop Dogg,r&b,2002,298307,0.905,0.693,0.131,0.234,0.963,101.0
Nobody Else,Wahlstedt,edm,2019,179756,0.834,0.661,0.062,0.078,0.458,123.0
Can't Get Enough - Radio Edit,Tommie Sunshine,edm,2016,222348,0.584,0.86,0.047,0.118,0.109,128.0
Whatever,Godsmack,rock,1998,206200,0.545,0.882,0.119,0.0,0.595,122.3
The Adventures Of Rain Dance Maggie,Red Hot Chili Peppers,rock,2011,282400,0.683,0.734,0.029,0.001,0.576,106.3
We Got Our Own Thang,Heavy D & The Boyz,r&b,2000,229560,0.79,0.827,0.078,0.127,0.654,114.1
Toma,Neutro Shorty,rap,2019,202411,0.882,0.574,0.197,0.228,0.609,135.0
We Found Love,Rihanna,latin,2011,215227,0.734,0.766,0.038,0.025,0.6,128.0
My Way (ft. Alice Berg),Nicky Romero,pop,2018,178286,0.648,0.699,0.03,0.031,0.371,105.0
We Were Young,Gareth Emery,edm,2016,243584,0.545,0.877,0.052,0.012,0.497,128.1
Adore You,Harry Styles,r&b,2019,207133,0.676,0.771,0.048,0.024,0.569,99.0
Arcade - Original Mix,RoulnDoors,latin,2015,286875,0.716,0.985,0.052,0.0,0.637,128.0
Mojo So Dope,Kid Cudi,rap,2010,210587,0.61,0.761,0.079,0.564,0.853,180.1
They're Playing Our Song,Trinere,latin,1997,335707,0.855,0.582,0.054,0.036,0.811,123.9
Cara de Niño,Jonathan Moly,latin,2019,213060,0.703,0.884,0.038,0.584,0.926,100.0
Bittersweet (ft. Quarterback) - Junior J Remix,Nicky Romero,edm,2019,197857,0.389,0.864,0.052,0.089,0.441,121.3
Purple Haze,Jimi Hendrix,rock,1967,170813,0.533,0.905,0.075,0.009,0.486,108.9
Kobe,Chief Keef,rap,2012,211787,0.853,0.769,0.217,0.05,0.694,136.0
I Get the Job Done,Big Daddy Kane,r&b,1989,330533,0.842,0.686,0.138,0.034,0.785,113.1
Monster - Robin Schulz Remix,LUM!X,edm,2019,165947,0.475,0.815,0.124,0.133,0.48,126.2
Sign,DEAMN,edm,2016,191560,0.705,0.903,0.028,0.025,0.472,108.9
Walkin' On The Sun,Smash Mouth,rock,1997,207787,0.745,0.972,0.032,0.346,0.968,123.1
Gitaren Body,Architrackz,latin,2019,195868,0.768,0.537,0.145,0.598,0.77,91.2
Ain't Talkin' 'Bout Love,Van Halen,rock,1978,226973,0.498,0.887,0.038,0.004,0.714,139.1
bouquet of balloons,biosphere,rap,2018,183704,0.729,0.337,0.06,0.441,0.792,162.0
Kristall,AK Ausserkontrolle,rap,2017,164680,0.702,0.687,0.365,0.236,0.294,94.7
The Way You Make Me Feel,DJ Screw & The Screwed Up Click,rap,2008,360347,0.701,0.68,0.484,0.03,0.477,72.4
Let Me Love You,DJ Snake,latin,2016,205947,0.649,0.716,0.035,0.086,0.163,100.0
Thrift Shop (feat. Wanz),Macklemore & Ryan Lewis,edm,2012,235613,0.781,0.526,0.293,0.062,0.662,95.0
In My Bed,Dru Hill,r&b,1996,284600,0.713,0.37,0.032,0.436,0.334,118.1
my boy,Billie Eilish,pop,2017,170852,0.692,0.394,0.207,0.472,0.324,89.9
Catch,DVBBS,edm,2017,217838,0.547,0.662,0.101,0.042,0.132,93.9
Glad You Came,VIZE,edm,2018,198095,0.757,0.758,0.043,0.02,0.287,126.1
Is That Too Much to Ask (feat. Nina Zeitlin),Biboulakis,edm,2014,210467,0.964,0.522,0.136,0.025,0.709,126.0
Rock Yo Hips,Crime Mob,rap,2007,226547,0.847,0.667,0.17,0.087,0.707,77.5
At Your Best (You Are Love),Aaliyah,r&b,1994,289893,0.622,0.463,0.031,0.735,0.576,78.1
I've Changed,Asher Knight,edm,2019,215448,0.657,0.73,0.063,0.118,0.249,92.9
You Called And Told Me - Jeff Redd,Various Artists,r&b,2007,338253,0.715,0.879,0.04,0.074,0.661,107.1
Asian Dreamer,CASIOPEA,rock,2010,213227,0.64,0.765,0.04,0.007,0.762,138.2
Burn - Radio Edit,KSHMR,edm,2014,174375,0.678,0.953,0.102,0.0,0.066,128.0
Wakanda,Dimitri Vegas & Like Mike,edm,2013,299113,0.625,0.973,0.082,0.001,0.3,130.0
Groove Thang,Zhané,r&b,1994,235000,0.911,0.49,0.039,0.029,0.842,102.0
Before You Go,Lewis Capaldi,latin,2019,215107,0.459,0.575,0.057,0.604,0.183,111.9
Cut the Cord,Shinedown,rock,2015,224597,0.447,0.966,0.089,0.003,0.533,178.1
Swings,Lit Lords,rap,2017,205241,0.503,0.852,0.129,0.088,0.088,145.0
Mr. Miyagi,andrei,rap,2018,142315,0.776,0.51,0.374,0.112,0.219,137.0
Royal Pigs,Broken Baby,rock,2019,201056,0.455,0.898,0.048,0.0,0.709,180.1
With Or Without You - Kage Remix,Maddix,edm,2019,204194,0.776,0.801,0.157,0.296,0.663,124.1
Innocent,The Whispers,r&b,1990,316467,0.751,0.601,0.044,0.008,0.772,104.4
Impreza,Sobel,rap,2019,165747,0.92,0.363,0.093,0.028,0.558,120.0
Come As You Are,Nirvana,rock,1991,218920,0.5,0.824,0.039,0.0,0.539,120.1
No Limit,Scorpions,rock,2010,203347,0.544,0.953,0.053,0.0,0.387,140.1
Who Cares,EDX,edm,2019,200488,0.766,0.878,0.057,0.008,0.66,123.1
Celeste,Ezra Vine,pop,2014,203310,0.604,0.841,0.042,0.03,0.578,139.0
