StudentID,HoTen,Lop,GioiTinh,StudyHours,SleepHours,Score,Result
HS001,Hoang Quan,10A1,NU,5.8,8.8,9.7,Pass
HS002,Bui Ha,10A3,NU,5.1,7.9,8.8,Pass
HS003,Tran Giang,10A1,NU,4.2,6.2,7.0,Pass
HS004,Bui Giang,10A3,NAM,3.7,5.6,6.6,Pass
HS005,Do Minh,10A1,NAM,2.9,6.6,6.2,Pass
HS006,Bui Linh,10A2,NU,3.3,7.2,7.4,Pass
HS007,Ngo Giang,10A2,NU,2.9,6.1,6.6,Pass
HS008,Nguyen Bao,10A1,NAM,3.1,6.3,6.7,Pass
HS009,Dang Tuan,10A1,NU,3.3,8.6,5.8,Pass
HS010,Hoang Quan,10A2,NAM,1.8,5.1,5.2,Pass
HS011,Bui Phuc,10A3,NU,2.3,5.5,3.8,Fail
HS012,Tran Linh,10A3,NAM,4.2,5.7,6.6,Pass
HS013,Dang Quan,10A3,NAM,5.4,8.2,8.9,Pass
HS014,Vu Thao,10A1,NU,4.7,8.2,7.2,Pass
HS015,Le Dung,10A1,NU,2.4,8.9,6.7,Pass
HS016,Pham Yen,10A3,NU,4.6,7.9,8.1,Pass
HS017,Pham Dung,10A2,NAM,3.0,6.9,5.4,Pass
HS018,Hoang Yen,10A3,NAM,3.3,8.3,7.2,Pass
HS019,Bui Bao,10A1,NAM,2.4,8.5,6.8,Pass
HS020,Ngo Son,10A2,NU,3.6,8.7,7.1,Pass
HS021,Do Yen,10A1,NU,4.5,6.9,8.1,Pass
HS022,Pham Chi,10A2,NU,4.3,5.7,8.1,Pass
HS023,Bui Vy,10A3,NAM,5.5,6.1,6.6,Pass
HS024,Ngo Trang,10A3,NU,5.8,7.8,9.0,Pass
HS025,Bui Minh,10A3,NU,3.3,7.1,6.5,Pass
HS026,Nguyen Chi,10A3,NU,2.2,5.8,5.2,Pass
HS027,Le Quan,10A2,NAM,3.3,8.7,7.0,Pass
HS028,Nguyen Ha,10A2,NU,5.0,7.9,8.4,Pass
HS029,Bui Nam,10A1,NAM,5.5,5.8,8.7,Pass
HS030,Hoang Vy,10A2,NAM,3.3,6.1,7.3,Pass
HS031,Vu Binh,10A3,NAM,1.7,8.5,6.2,Pass
HS032,Ngo Thao,10A1,NU,5.2,6.0,8.9,Pass
HS033,Bui Giang,10A2,NU,1.7,8.5,4.9,Fail
HS034,Tran Minh,10A2,NU,0.7,6.4,6.6,Fail
HS035,Vu Nam,10A3,NU,1.4,7.7,6.5,Pass
HS036,Do Chi,10A3,NAM,0.6,7.9,5.3,Pass
HS037,Dang Bao,10A3,NAM,0.6,6.0,4.5,Fail
HS038,Do Chi,10A2,NAM,1.5,7.8,5.1,Pass
HS039,Pham Thao,10A3,NAM,3.3,5.2,6.3,Pass
HS040,Do Minh,10A1,NAM,0.7,6.4,4.5,Fail
HS041,Tran Quan,10A2,NAM,3.9,8.0,8.0,Pass
HS042,Vu Phuc,10A1,NU,0.7,6.9,4.9,Fail
HS043,Bui Phuc,10A1,NU,4.7,8.0,9.1,Pass
HS044,Bui Nam,10A2,NAM,5.2,7.8,8.2,Pass
HS045,Bui Khanh,10A3,NU,3.1,5.9,6.3,Pass
HS046,Le Dung,10A1,NU,1.1,6.8,6.6,Fail
HS047,Pham Phuc,10A1,NU,5.3,5.5,8.0,Pass
HS048,Le Giang,10A1,NU,3.3,5.6,6.4,Pass
HS049,Do Quan,10A2,NU,5.8,6.0,6.6,Pass
HS050,Hoang Bao,10A3,NU,0.6,7.2,4.2,Fail
HS051,Dang Nam,10A3,NAM,1.3,5.2,5.2,Pass
HS052,Vu Nam,10A2,NU,1.0,7.5,5.0,Pass
HS053,Le Minh,10A2,NAM,3.3,8.9,8.8,Pass
HS054,Bui Chi,10A1,NU,1.8,6.8,4.8,Fail
HS055,Dang Giang,10A1,NAM,1.9,7.4,5.0,Pass
HS056,Vu Ha,10A2,NAM,4.4,6.0,7.1,Pass
HS057,Dang An,10A3,NU,2.8,7.1,6.6,Pass
HS058,Pham Bao,10A2,NU,2.7,5.4,6.1,Pass
HS059,Bui Giang,10A2,NU,4.5,6.0,8.1,Pass
HS060,Pham Trang,10A1,NAM,3.3,5.9,5.6,Pass
HS061,Pham Oanh,10A2,NAM,3.4,6.9,6.7,Pass
HS062,Dang Phuc,10A2,NAM,1.7,8.6,6.5,Pass
HS063,Vu Khanh,10A1,NAM,5.8,7.9,8.7,Pass
HS064,Ngo Binh,10A2,NU,3.7,5.2,7.3,Pass
HS065,Ngo Binh,10A1,NAM,2.8,7.1,6.6,Pass
HS066,Tran Son,10A2,NU,4.9,6.5,8.5,Pass
HS067,Le Oanh,10A3,NAM,3.3,8.7,6.9,Pass
HS068,Vu Bao,10A2,NAM,5.9,6.5,8.9,Pass
HS069,Nguyen Quan,10A2,NU,0.6,7.7,5.0,Pass
HS070,Ngo Oanh,10A3,NAM,5.1,7.7,8.9,Pass
HS071,Ngo Tuan,10A3,NU,0.6,6.8,3.9,Fail
HS072,Dang Thao,10A1,NU,1.6,7.4,5.8,Pass
HS073,Dang Tuan,10A2,NAM,0.9,6.1,6.6,Fail
HS074,Tran Thao,10A3,NAM,0.9,8.0,5.8,Pass
HS075,Tran Tuan,10A1,NAM,1.6,7.3,5.0,Pass
HS076,Dang Nam,10A2,NAM,4.6,6.9,8.4,Pass
HS077,Hoang Dung,10A3,NU,1.2,5.5,5.7,Pass
HS078,Pham Ha,10A1,NAM,4.0,8.8,8.3,Pass
HS079,Dang Chi,10A3,NU,4.3,5.1,7.0,Pass
HS080,Nguyen Trang,10A1,NAM,4.5,7.0,7.2,Pass
HS081,Bui Giang,10A3,NAM,2.5,6.8,6.3,Pass
HS082,Le Tuan,10A3,NAM,3.4,6.9,6.6,Pass
HS083,Nguyen Khanh,10A3,NAM,5.8,8.2,10.0,Pass
HS084,Do Oanh,10A3,NU,2.1,5.9,5.2,Pass
HS085,Le Phuc,10A2,NAM,3.2,6.0,5.9,Pass
HS086,Le Vy,10A1,NAM,5.6,7.3,9.4,Pass
HS087,Tran Thao,10A1,NAM,5.0,5.4,7.0,Pass
HS088,Ngo Khanh,10A3,NU,1.3,6.7,6.6,Pass
HS089,Vu Bao,10A3,NU,0.9,5.3,5.8,Pass
HS090,Do Tuan,10A3,NAM,4.1,5.5,6.4,Pass
