MaTin,TuoiMay,DungLuong,PinConLai,SoLanRoi,Gia
T001,30,128,81,0,5.2
T002,22,128,80,2,7.2
T003,36,128,77,0,2.0
T004,46,128,81,0,1.5
T005,16,64,97,5,8.0
T006,5,256,90,0,16.5
T007,19,64,85,2,5.0
T008,6,128,100,2,11.7
T009,3,64,98,2,10.8
T010,4,128,100,1,12.2
T011,28,256,87,5,9.4
T012,1,64,100,1,11.0
T013,22,64,90,0,5.3
T014,33,64,75,1,1.5
T015,27,64,78,0,4.3
T016,45,128,84,0,2.6
T017,4,128,90,0,11.8
T018,48,128,73,0,1.5
T019,8,256,85,0,15.6
T020,40,128,84,4,2.6
T021,38,128,79,2,2.5
T022,8,128,93,1,11.6
T023,37,256,90,2,7.6
T024,1,128,100,1,13.7
T025,21,64,87,4,6.2
T026,4,64,92,2,11.0
T027,32,128,81,0,3.9
T028,28,256,86,2,11.5
T029,33,128,89,0,4.3
T030,43,128,82,1,2.9
T031,2,64,100,1,10.7
T032,11,64,93,0,8.5
T033,29,64,85,0,2.9
T034,23,128,92,0,8.0
T035,6,256,88,0,14.9
T036,27,128,90,2,6.9
T037,38,64,77,5,1.5
T038,39,128,71,1,3.5
T039,34,64,85,0,3.1
T040,11,64,97,3,8.3
T041,30,128,78,0,4.5
T042,36,128,76,0,2.8
T043,42,64,70,2,1.5
T044,35,128,73,0,3.1
T045,42,128,72,1,1.5
T046,47,64,82,3,1.5
T047,4,128,100,5,11.8
T048,2,128,99,2,13.9
T049,47,128,65,0,1.5
T050,40,128,80,2,2.4
T051,27,128,89,5,6.3
T052,12,64,99,3,8.8
T053,36,128,71,0,3.1
T054,22,64,88,3,5.3
T055,38,64,96,0,1.5
T056,7,128,93,0,10.8
T057,13,64,94,0,8.2
T058,42,64,70,3,1.5
T059,41,128,81,0,3.5
T060,16,64,91,1,8.0
T061,1,128,99,0,14.4
T062,34,128,86,2,4.3
T063,39,64,73,0,1.5
T064,20,64,94,2,4.3
T065,1,128,100,2,13.3
T066,29,64,79,5,3.5
T067,23,128,85,1,7.1
T068,30,128,78,3,4.1
T069,25,64,85,0,4.7
T070,11,128,90,2,10.2
T071,43,64,79,3,1.5
T072,39,128,79,2,1.5
T073,14,256,87,0,13.0
T074,43,128,73,2,1.5
T075,33,128,90,1,5.3
T076,35,64,82,2,1.8
T077,3,64,100,0,11.3
T078,33,128,78,5,3.4
T079,33,64,76,1,2.0
T080,13,128,100,5,9.7
T081,12,128,96,0,10.9
T082,18,128,80,2,7.8
T083,6,128,95,3,12.7
T084,44,64,77,2,1.5
T085,48,128,78,2,1.5
T086,2,128,100,0,14.3
T087,30,64,78,0,3.9
T088,28,64,73,5,3.0
T089,28,64,97,2,2.0
T090,32,128,93,2,5.5
T091,30,128,73,4,3.1
T092,7,64,99,2,9.8
T093,17,64,92,0,5.0
T094,34,64,88,1,1.9
T095,12,64,100,5,9.1
T096,13,256,95,0,13.3
T097,22,128,86,1,7.4
T098,30,128,85,0,5.1
T099,10,128,92,4,9.6
T100,38,128,85,4,1.9
T101,10,128,100,0,11.6
T102,19,128,86,5,8.1
T103,7,128,100,1,11.6
T104,24,128,88,4,5.4
T105,1,64,99,3,10.3
T106,20,64,89,3,6.1
T107,47,64,74,0,1.5
T108,12,256,84,2,12.3
T109,41,128,72,4,3.1
T110,44,64,87,0,1.5
T111,4,64,100,3,10.9
T112,23,128,79,0,6.2
T113,7,256,91,0,15.7
T114,4,64,91,2,9.9
T115,24,256,80,2,8.9
T116,47,128,68,0,1.5
T117,35,128,80,2,4.2
T118,35,128,81,2,3.3
T119,47,256,71,2,3.2
T120,29,128,98,2,6.7
